step,type,amount,nameOrig,oldbalanceOrg,newbalanceOrig,nameDest,oldbalanceDest,newbalanceDest,isFraud,isFlaggedFraud
213,TRANSFER,151120.98,C242002065,0.0,0.0,C856543697,223508.44,374629.41,0,0
13,CASH_IN,262546.81,C1662244460,941551.24,1204098.05,C33412994,0.0,0.0,0,0
583,CASH_OUT,759701.03,C1817565028,759701.03,0.0,C1623972064,1076095.67,1835796.71,1,0
325,TRANSFER,121634.61,C2080541895,0.0,0.0,C1767202765,173491.35,295125.96,0,0
138,PAYMENT,12477.31,C1140330143,343.0,0.0,M1520668693,0.0,0.0,0,0
351,CASH_OUT,190284.66,C917108311,46235.0,0.0,C1495119408,4507970.23,4698254.89,0,0
42,PAYMENT,19689.59,C182857135,11781.0,0.0,M1114119385,0.0,0.0,0,0
303,PAYMENT,28459.17,C657235087,0.0,0.0,M2102929467,0.0,0.0,0,0
137,CASH_OUT,219200.84,C1343889233,10297.0,0.0,C803787351,166500.26,385701.1,0,0
185,CASH_OUT,214508.53,C493107512,19952.0,0.0,C1399266845,60616.29,275124.82,0,0
313,PAYMENT,20515.32,C699886340,9005.0,0.0,M1270737749,0.0,0.0,0,0
353,CASH_OUT,62118.51,C568690760,53835.0,0.0,C598887059,355230.88,417349.39,0,0
730,CASH_OUT,338364.14,C449727386,338364.14,0.0,C1527134062,724300.82,1062664.96,1,0
160,PAYMENT,9415.54,C1162395774,224951.22,215535.68,M565456526,0.0,0.0,0,0
4,CASH_OUT,86070.17,C1699873763,86070.17,0.0,C560041895,0.0,86070.17,1,0
22,TRANSFER,286989.07,C128206899,0.0,0.0,C1410718425,429330.49,716319.56,0,0
330,CASH_IN,236461.85,C891697347,305182.0,541643.85,C1875807924,489434.31,252972.46,0,0
279,CASH_OUT,17187.4,C1490334664,61823.0,44635.6,C1278506734,1625729.52,1642916.92,0,0
34,CASH_OUT,76805.43,C1013209852,0.0,0.0,C2110090153,1656106.71,1732912.14,0,0
210,CASH_OUT,94431.98,C625726422,94431.98,0.0,C793233839,253005.72,347437.7,1,0
289,TRANSFER,98757.16,C1407687308,0.0,0.0,C535177149,1429957.89,1528715.06,0,0
297,PAYMENT,31220.06,C1273938100,0.0,0.0,M1033849939,0.0,0.0,0,0
397,PAYMENT,7040.79,C598523875,448838.18,441797.39,M1012505122,0.0,0.0,0,0
261,CASH_OUT,78554.3,C725416772,0.0,0.0,C917594662,1447989.69,1526543.99,0,0
182,CASH_IN,298818.91,C633695867,2439.0,301257.91,C427679623,526128.01,227309.1,0,0
129,CASH_OUT,96012.86,C676419453,356.0,0.0,C1222239815,0.0,184666.37,0,0
402,CASH_IN,93016.81,C2113488057,13795.0,106811.81,C370961035,120442242.33,120460705.07,0,0
351,CASH_IN,151415.35,C1775353183,21700.0,173115.35,C854794823,0.0,0.0,0,0
18,CASH_OUT,134481.31,C955834496,0.0,0.0,C581553611,336973.67,471454.98,0,0
227,CASH_OUT,4075956.58,C1194310018,4075956.58,0.0,C299514580,79992.36,4155948.94,1,0
229,CASH_IN,386078.36,C174789109,14474146.48,14860224.84,C203519578,524260.24,138181.88,0,0
9,CASH_OUT,361559.69,C684758020,361559.69,0.0,C1769042905,504667.31,189441.24,1,0
378,CASH_OUT,317082.63,C1012581389,10569.0,0.0,C86258274,205006.17,522088.8,0,0
249,CASH_IN,135549.6,C994779270,838547.68,974097.28,C294510146,4194219.85,4058670.25,0,0
300,PAYMENT,18769.12,C1691197670,0.0,0.0,M1465751220,0.0,0.0,0,0
526,CASH_OUT,606920.11,C998785780,606920.11,0.0,C2120671448,16606636.44,17213556.55,1,0
643,TRANSFER,1707.4,C876539224,1707.4,0.0,C1530583472,0.0,0.0,1,0
41,CASH_OUT,62121.56,C1166615212,10643.0,0.0,C1895299052,580040.23,642161.8,0,0
303,CASH_OUT,373240.54,C941756013,43232.0,0.0,C1993826006,123581.86,496822.4,0,0
154,TRANSFER,4530.71,C525094295,4530.71,0.0,C1227140527,0.0,0.0,1,0
184,PAYMENT,3556.83,C581527970,105743.21,102186.38,M890601687,0.0,0.0,0,0
304,PAYMENT,6225.27,C1977400031,0.0,0.0,M406618990,0.0,0.0,0,0
249,TRANSFER,56013.0,C1536825643,56013.0,0.0,C892318279,0.0,0.0,1,0
282,TRANSFER,82076.47,C1838406749,0.0,0.0,C327005372,1116362.34,1198438.81,0,0
201,CASH_OUT,135003.79,C1960276918,169.0,0.0,C533525559,3711191.36,3846195.15,0,0
377,CASH_IN,375525.05,C1911186389,1083626.86,1459151.91,C1368043606,2208185.75,1832660.7,0,0
274,PAYMENT,5255.68,C1418989035,14559.0,9303.32,M1270648005,0.0,0.0,0,0
140,CASH_IN,229148.49,C887216357,6806075.42,7035223.91,C1800155127,239194.0,10045.51,0,0
259,CASH_OUT,102678.01,C1933105247,20832.0,0.0,C2032446127,191062.77,293740.78,0,0
179,PAYMENT,11068.1,C1402100580,24519.0,13450.9,M985033227,0.0,0.0,0,0
180,CASH_IN,20208.52,C62477549,11490.0,31698.52,C567457782,0.0,0.0,0,0
186,TRANSFER,565176.06,C238638300,0.0,0.0,C1659071913,3289025.71,3854201.76,0,0
143,CASH_OUT,110038.42,C1892510321,99805.0,0.0,C2023856876,0.0,110038.42,0,0
162,CASH_IN,389802.6,C426200877,545264.54,935067.14,C290382659,508738.74,118936.14,0,0
20,CASH_OUT,77905.33,C580327130,30519.0,0.0,C1368114983,4868730.28,4946635.61,0,0
396,CASH_IN,95439.56,C513827064,65583.0,161022.56,C1663365715,691934.96,596495.4,0,0
667,CASH_OUT,160901.78,C1648536261,0.0,0.0,C179929698,3782536.62,3943438.4,0,0
250,PAYMENT,12612.6,C2051164851,0.0,0.0,M585170806,0.0,0.0,0,0
258,CASH_IN,193178.69,C1022855917,4805721.38,4998900.07,C1136984181,255715.74,62537.05,0,0
39,CASH_OUT,1648.71,C2099566215,0.0,0.0,C726182342,392858.42,255004.54,0,0
210,CASH_IN,7325.56,C1269475643,3178.0,10503.56,C1936765658,0.0,0.0,0,0
212,DEBIT,2259.85,C1880882793,0.0,0.0,C415211473,80437.74,82697.59,0,0
501,TRANSFER,472808.24,C692473125,472808.24,0.0,C695203021,0.0,0.0,1,0
396,CASH_OUT,51285.79,C1884932093,0.0,0.0,C1109845735,429397.03,480682.82,0,0
394,CASH_OUT,335097.38,C2024922355,39664.0,0.0,C1293635036,261026.81,596124.19,0,0
40,PAYMENT,13414.11,C353656315,0.0,0.0,M1722350934,0.0,0.0,0,0
395,CASH_OUT,180839.46,C1611100459,317151.0,136311.54,C1211168163,41970.98,222810.44,0,0
159,CASH_OUT,101954.79,C164997730,0.0,0.0,C1720963040,1293748.85,1395703.65,0,0
524,CASH_IN,233041.8,C1991708866,651559.28,884601.08,C760227735,405472.81,172431.0,0,0
306,CASH_OUT,231111.99,C841308395,0.0,0.0,C314195573,5852487.9,6083599.88,0,0
284,CASH_IN,240608.65,C11598977,6346444.24,6587052.89,C2084336340,1328942.38,1088333.73,0,0
253,CASH_IN,54945.46,C890895783,2312250.46,2367195.91,C1784347237,120076.78,65131.32,0,0
130,PAYMENT,4346.67,C1763275494,0.0,0.0,M1679422494,0.0,0.0,0,0
187,TRANSFER,1736804.93,C1692442952,1736804.93,0.0,C1950313114,0.0,0.0,1,0
670,PAYMENT,11140.41,C35852468,13352.81,2212.4,M420462870,0.0,0.0,0,0
402,CASH_OUT,12092.28,C507346930,0.0,0.0,C608905227,848224.87,860317.15,0,0
403,CASH_IN,233741.25,C1609094483,1853353.57,2087094.82,C471959248,323390.38,89649.13,0,0
262,CASH_IN,172215.83,C1892617537,45013.0,217228.83,C663611596,205341.36,33125.52,0,0
17,CASH_OUT,129944.73,C1910367307,0.0,0.0,C426416592,11998713.83,12128658.56,0,0
350,CASH_IN,271014.59,C8896560,1904.0,272918.59,C1999776101,566916.56,295901.97,0,0
493,CASH_IN,209953.49,C1127297068,3438343.82,3648297.3,C1443725792,9732969.91,9523016.42,0,0
9,CASH_IN,240545.37,C131435417,842463.13,1083008.5,C188246551,10130908.78,10169639.0,0,0
53,TRANSFER,1631640.02,C443233087,1631640.02,0.0,C1597258791,0.0,0.0,1,0
356,PAYMENT,13017.16,C1137851275,19813.0,6795.84,M1408419180,0.0,0.0,0,0
326,TRANSFER,120214.74,C41154667,120214.74,0.0,C488579069,0.0,0.0,1,0
135,TRANSFER,46813.23,C2111434871,0.0,0.0,C1221355654,976875.78,1023689.01,0,0
305,CASH_OUT,71783.44,C1300376240,0.0,0.0,C309492431,1168412.7,1240196.14,0,0
154,CASH_OUT,4530.71,C831752854,4530.71,0.0,C1379173269,0.0,4530.71,1,0
355,CASH_OUT,80094.99,C1562843404,29466.0,0.0,C240884096,0.0,80094.99,0,0
199,CASH_OUT,80885.48,C2065836466,80885.48,0.0,C582821182,756653.51,837538.99,1,0
525,PAYMENT,40280.1,C1401869724,22437.0,0.0,M582061237,0.0,0.0,0,0
41,CASH_OUT,440329.69,C398441032,10283.0,0.0,C765980478,3214483.11,3654812.8,0,0
180,CASH_OUT,69214.06,C844310054,60192.0,0.0,C325230257,21184.0,90398.06,0,0
106,CASH_OUT,2708906.59,C1012201968,2708906.59,0.0,C1330533329,0.0,2708906.59,1,0
235,PAYMENT,16045.86,C123179967,0.0,0.0,M222997684,0.0,0.0,0,0
408,PAYMENT,26707.65,C402869641,0.0,0.0,M69158416,0.0,0.0,0,0
209,CASH_IN,186730.87,C1442795193,37548.0,224278.87,C436848306,179135.59,0.0,0,0
138,PAYMENT,15427.5,C829919832,0.0,0.0,M764758010,0.0,0.0,0,0
84,TRANSFER,39379.45,C1110566935,39379.45,0.0,C1210547818,0.0,0.0,1,0
282,CASH_IN,22740.13,C595583143,4581.0,27321.13,C1126754611,2069180.82,2046440.69,0,0
277,PAYMENT,24983.03,C1869400438,0.0,0.0,M483824011,0.0,0.0,0,0
70,TRANSFER,167067.78,C1823914087,167067.78,0.0,C1052777709,0.0,0.0,1,0
585,TRANSFER,1298920.78,C1847025661,1298920.78,0.0,C17300850,0.0,0.0,1,0
305,PAYMENT,209.8,C1127578767,33132.15,32922.35,M1969185831,0.0,0.0,0,0
398,PAYMENT,1334.79,C867170424,0.0,0.0,M569694486,0.0,0.0,0,0
401,CASH_IN,186547.49,C1307544455,2836.0,189383.49,C819245534,205695.8,19148.31,0,0
46,CASH_IN,226022.41,C388415324,7460046.1,7686068.52,C463201765,498821.97,272799.55,0,0
165,PAYMENT,7395.51,C1704877037,50763.0,43367.49,M1558100765,0.0,0.0,0,0
12,CASH_IN,335188.85,C288746951,20820.0,356008.85,C1623027152,477159.87,141971.02,0,0
187,PAYMENT,14635.57,C384376599,101515.0,86879.43,M1362368222,0.0,0.0,0,0
225,CASH_IN,261992.63,C1682315943,7767590.72,8029583.34,C2035894925,979852.86,717860.23,0,0
286,PAYMENT,15156.77,C35044238,0.0,0.0,M2088852288,0.0,0.0,0,0
331,PAYMENT,22271.49,C19149196,22259.0,0.0,M1926500030,0.0,0.0,0,0
276,PAYMENT,29.38,C332519889,99273.36,99243.98,M162799624,0.0,0.0,0,0
401,TRANSFER,586949.44,C1480357324,240362.95,0.0,C930723585,7861734.48,8448683.92,0,0
17,CASH_IN,293173.07,C1795680225,45909.0,339082.07,C2147469484,10262.0,0.0,0,0
17,CASH_IN,93111.77,C1960792957,50646.0,143757.77,C2063809141,1568470.74,1475358.97,0,0
328,CASH_OUT,112748.6,C1378507162,467625.34,354876.74,C269203600,7867249.24,7979997.84,0,0
211,CASH_IN,16602.25,C1446552880,142091.0,158693.25,C150541277,66181.18,49578.94,0,0
130,CASH_IN,502479.89,C2049565772,4084.0,506563.89,C1345550794,558042.3,55562.41,0,0
451,PAYMENT,537.06,C2141768610,10836.0,10298.94,M1642252100,0.0,0.0,0,0
86,CASH_OUT,305817.12,C337026029,305817.12,0.0,C1022926752,0.0,305817.12,1,0
13,PAYMENT,2663.55,C73667465,279007.32,276343.78,M947579146,0.0,0.0,0,0
323,PAYMENT,29235.54,C1087400012,0.0,0.0,M2088163703,0.0,0.0,0,0
191,CASH_OUT,18335.89,C381356010,0.0,0.0,C1308408600,2443314.42,2461650.31,0,0
263,PAYMENT,4466.52,C1040550044,13295.0,8828.48,M1698225433,0.0,0.0,0,0
162,CASH_OUT,133603.13,C160212085,46441.0,0.0,C779447471,727966.79,701961.2,0,0
149,CASH_OUT,7188425.25,C1982019124,7188425.25,0.0,C2025892351,781697.03,7970122.27,1,0
639,TRANSFER,711932.67,C1372327870,711932.67,0.0,C608537873,0.0,0.0,1,0
154,CASH_OUT,57892.11,C912441235,0.0,0.0,C1308548424,1153696.13,1211588.24,0,0
190,CASH_IN,133183.37,C1058040582,1480521.19,1613704.56,C1807684216,1263297.02,1130113.65,0,0
356,PAYMENT,31730.86,C53378187,350340.23,318609.36,M1166426659,0.0,0.0,0,0
154,PAYMENT,26735.17,C989943362,21092.05,0.0,M810012281,0.0,0.0,0,0
186,CASH_OUT,95305.27,C1421316626,0.0,0.0,C1883632813,1305786.33,1401091.6,0,0
274,CASH_OUT,136131.42,C254314987,20077.0,0.0,C1363879862,279641.65,415773.07,0,0
469,CASH_IN,18259.88,C2069031303,33843.0,52102.88,C1891861380,3829802.67,3811542.79,0,0
202,TRANSFER,520710.93,C1780848795,0.0,0.0,C94385580,1364927.35,1885638.27,0,0
303,CASH_OUT,459445.6,C307348398,83351.84,0.0,C1096896272,1457079.89,1916525.49,0,0
326,PAYMENT,30353.41,C173534596,5082.0,0.0,M1787547405,0.0,0.0,0,0
401,CASH_OUT,193666.16,C1191254937,181599.0,0.0,C1057884942,1916981.17,2110647.33,0,0
134,PAYMENT,29136.27,C795750535,5071.0,0.0,M1109466944,0.0,0.0,0,0
369,PAYMENT,34397.87,C1981999207,11461.0,0.0,M70976176,0.0,0.0,0,0
42,PAYMENT,15549.89,C2001566532,117096.0,101546.11,M1332121782,0.0,0.0,0,0
278,CASH_OUT,55737.87,C1572391527,42262.0,0.0,C1951530364,26444.53,82182.4,0,0
7,CASH_OUT,45447.15,C459023120,365.99,0.0,C1508631684,107777.0,104710.0,0,0
260,CASH_IN,296865.28,C1809802008,15413.0,312278.28,C2066777507,86543.71,0.0,0,0
281,TRANSFER,1030417.74,C1060613319,1030417.74,0.0,C1653587362,0.0,0.0,1,0
105,TRANSFER,1767112.66,C682978594,1767112.66,0.0,C121024766,0.0,0.0,1,0
139,PAYMENT,4405.99,C1087828116,0.0,0.0,M1477791032,0.0,0.0,0,0
304,CASH_OUT,128209.41,C451474440,0.0,0.0,C951666907,332627.85,460837.25,0,0
287,CASH_OUT,509649.75,C1871628234,0.0,0.0,C565131924,1010814.85,1520464.59,0,0
227,CASH_OUT,373555.09,C1865803401,0.0,0.0,C359887652,704328.29,1077883.38,0,0
404,CASH_OUT,94639.85,C1690363257,0.0,0.0,C570100197,2524543.95,2619183.8,0,0
217,PAYMENT,3477.0,C132545990,13907.0,10430.0,M424784674,0.0,0.0,0,0
36,CASH_OUT,189974.34,C1827853591,321786.39,131812.06,C1040923599,232204.31,422178.64,0,0
207,PAYMENT,4772.27,C307255198,1062.0,0.0,M457802029,0.0,0.0,0,0
358,TRANSFER,819820.59,C783648972,0.0,0.0,C1293491744,3077096.98,3896917.57,0,0
298,PAYMENT,27113.39,C311915577,0.0,0.0,M930299719,0.0,0.0,0,0
250,PAYMENT,6326.13,C2185159,0.0,0.0,M82414598,0.0,0.0,0,0
302,CASH_OUT,126395.32,C206594131,16361.0,0.0,C527294388,1810212.37,1936607.7,0,0
203,CASH_OUT,262402.98,C1638103595,0.0,0.0,C1463347457,2536619.21,2799022.19,0,0
232,CASH_OUT,267503.03,C774665087,0.0,0.0,C694107013,317293.18,584796.21,0,0
230,CASH_OUT,15709.07,C1294275372,0.0,0.0,C563942029,610112.26,625821.34,0,0
330,PAYMENT,155.21,C674611877,724.0,568.79,M1019111623,0.0,0.0,0,0
21,PAYMENT,15335.23,C349000399,55728.97,40393.74,M908782678,0.0,0.0,0,0
349,TRANSFER,98736.52,C1777704750,98736.52,0.0,C1874416454,0.0,0.0,1,0
187,CASH_IN,166800.77,C74736704,72873.0,239673.77,C1667385042,3105206.26,2938405.49,0,0
302,CASH_IN,430069.28,C2059373540,168.0,430237.28,C445137935,527026.2,96956.92,0,0
35,CASH_OUT,278437.52,C897384172,4423.88,0.0,C247505444,13384354.53,13662792.04,0,0
34,CASH_IN,136882.2,C1796131032,2854097.93,2990980.13,C700777364,678357.48,541475.27,0,0
139,CASH_OUT,206872.52,C194723015,11490.0,0.0,C1418141160,149781.35,356653.87,0,0
259,PAYMENT,6357.61,C131261042,586.0,0.0,M1565236652,0.0,0.0,0,0
208,CASH_OUT,66408.47,C806802099,193494.0,127085.53,C783456157,4077190.9,4143599.36,0,0
188,CASH_OUT,169880.76,C1562668477,14713.35,0.0,C827945218,4813599.85,4983480.6,0,0
167,PAYMENT,4590.87,C1395319235,4596.27,5.4,M1002014198,0.0,0.0,0,0
323,CASH_IN,381356.34,C1241586999,5272.0,386628.34,C535869101,931045.98,549689.65,0,0
257,CASH_OUT,274705.44,C1128707073,144220.0,0.0,C1549668026,472914.8,747620.23,0,0
22,CASH_OUT,358930.58,C1764719281,170.0,0.0,C518175837,0.0,358930.58,0,0
275,TRANSFER,2607790.58,C1448180572,2607790.58,0.0,C669935594,0.0,0.0,1,0
178,PAYMENT,30053.81,C2122084794,20497.0,0.0,M199946535,0.0,0.0,0,0
238,TRANSFER,10000000.0,C1028530067,15274773.52,5274773.52,C1390461904,0.0,0.0,1,0
526,CASH_OUT,199940.02,C1503324262,199940.02,0.0,C1528513380,0.0,199940.02,1,0
303,PAYMENT,10052.65,C1137766768,0.0,0.0,M840968889,0.0,0.0,0,0
443,TRANSFER,43159.0,C1373322164,43159.0,0.0,C159626180,0.0,0.0,1,0
345,CASH_OUT,226810.69,C1290358496,0.0,0.0,C1773607107,1428127.96,1654938.65,0,0
299,CASH_IN,44138.89,C810237330,9288.0,53426.89,C1659432060,132505.31,88366.43,0,0
327,CASH_OUT,458006.02,C1279422735,91897.82,0.0,C1606665505,1045267.26,1503273.28,0,0
401,PAYMENT,6218.78,C2097524898,0.0,0.0,M1694213988,0.0,0.0,0,0
36,PAYMENT,435.6,C1139564183,26071.0,25635.4,M1016231028,0.0,0.0,0,0
130,CASH_IN,255443.26,C1808747947,5092639.93,5348083.18,C159192228,1373416.95,1117973.69,0,0
57,TRANSFER,1014816.16,C550185181,1014816.16,0.0,C1007032757,0.0,0.0,1,0
581,CASH_OUT,155002.83,C1511917182,155002.83,0.0,C30026767,0.0,155002.83,1,0
351,PAYMENT,38140.3,C2011884335,0.0,0.0,M606052744,0.0,0.0,0,0
42,PAYMENT,521.1,C1118824675,20116.0,19594.9,M340778261,0.0,0.0,0,0
306,TRANSFER,23206.72,C125898918,6150.46,0.0,C1861004618,2361374.45,2384581.18,0,0
41,CASH_OUT,97162.72,C939546667,0.0,0.0,C1021600035,2455108.32,2569556.09,0,0
322,CASH_IN,59704.81,C1258818856,215777.0,275481.81,C208005892,15826.0,0.0,0,0
652,CASH_OUT,762782.66,C1357888616,762782.66,0.0,C1949432790,0.0,762782.66,1,0
139,PAYMENT,7168.35,C940738985,65451.0,58282.65,M572628421,0.0,0.0,0,0
375,CASH_OUT,88904.46,C890001245,0.0,0.0,C1965797783,129312.52,218216.98,0,0
130,CASH_OUT,29804.21,C1666152771,36520.0,6715.79,C134445473,1102486.74,1132290.95,0,0
139,CASH_OUT,63234.52,C411626779,20977.0,0.0,C1484028731,0.0,63234.52,0,0
162,PAYMENT,1233.93,C722400697,231074.32,229840.4,M1336542616,0.0,0.0,0,0
210,CASH_OUT,150052.52,C1696942015,53227.0,0.0,C2934296,204667.21,354719.72,0,0
33,PAYMENT,21817.48,C86205944,0.0,0.0,M241321982,0.0,0.0,0,0
600,CASH_OUT,612229.86,C199984853,612229.86,0.0,C1428539340,2275776.03,2888005.89,1,0
396,CASH_OUT,128592.78,C1788789108,23959.0,0.0,C973125278,224886.43,353479.2,0,0
132,TRANSFER,1736694.66,C262322377,962.0,0.0,C1668279539,83334.33,1820028.99,0,0
12,CASH_IN,167852.8,C1440998179,3315.0,171167.8,C140892978,739065.43,422434.74,0,0
282,CASH_OUT,178158.53,C152583757,0.0,0.0,C1946042854,5254774.31,5432932.83,0,0
188,CASH_OUT,168469.56,C1793911859,0.0,0.0,C428653951,1163193.4,1331662.96,0,0
463,TRANSFER,219300.76,C60906417,219300.76,0.0,C1482453836,0.0,0.0,1,0
373,CASH_IN,189144.86,C1407515058,17151977.39,17341122.25,C901134982,578805.71,389660.84,0,0
730,CASH_OUT,0.0,C2088151490,0.0,0.0,C1156763710,0.0,0.0,1,0
159,CASH_OUT,413424.93,C1406471755,0.0,0.0,C1288313984,772924.72,1186349.65,0,0
398,CASH_OUT,137678.44,C288766503,0.0,0.0,C43883762,886013.78,1023692.21,0,0
514,CASH_OUT,137605.04,C1580498026,137605.04,0.0,C191934228,0.0,137605.04,1,0
235,PAYMENT,975.42,C1543124039,171641.0,170665.58,M222864661,0.0,0.0,0,0
503,CASH_IN,322600.6,C682074124,734376.29,1056976.89,C1902491379,524988.77,202388.16,0,0
22,PAYMENT,20356.68,C2067816779,0.0,0.0,M1909116850,0.0,0.0,0,0
352,PAYMENT,24778.5,C1067859890,235261.09,210482.59,M1579661437,0.0,0.0,0,0
378,PAYMENT,3303.37,C1458383533,0.0,0.0,M166024027,0.0,0.0,0,0
681,CASH_OUT,158668.39,C940119623,0.0,0.0,C879856647,1158031.11,1316699.5,0,0
127,TRANSFER,701707.89,C1264740364,701707.89,0.0,C1367862566,0.0,0.0,1,0
34,TRANSFER,186618.47,C1563407316,0.0,0.0,C1147488458,565610.54,752229.01,0,0
156,PAYMENT,8917.7,C1747941411,0.0,0.0,M1633093893,0.0,0.0,0,0
327,PAYMENT,45295.11,C1512452698,0.0,0.0,M1288970322,0.0,0.0,0,0
256,CASH_OUT,117273.02,C846095639,48098.0,0.0,C222990646,5027879.98,5421747.38,0,0
226,PAYMENT,1123.66,C211631120,486.0,0.0,M878992672,0.0,0.0,0,0
523,CASH_OUT,921894.19,C1069707218,921894.19,0.0,C1691436572,523285.83,1445180.02,1,0
136,CASH_OUT,151942.38,C234182257,0.0,0.0,C1705232795,157863.02,309805.4,0,0
159,PAYMENT,17215.45,C1450917005,0.0,0.0,M1254004000,0.0,0.0,0,0
203,CASH_OUT,162719.22,C2044782953,0.0,0.0,C1972064887,298770.07,461489.29,0,0
227,CASH_OUT,315349.98,C1674557143,6055.0,0.0,C860828037,163943.18,479293.16,0,0
139,CASH_OUT,151185.52,C28971944,0.0,0.0,C2106544254,610672.35,761857.87,0,0
406,CASH_OUT,32056.56,C538069818,0.0,0.0,C963123541,33151.19,65207.75,0,0
684,TRANSFER,1430050.84,C590147812,1430050.84,0.0,C490830466,0.0,0.0,1,0
545,CASH_IN,351076.96,C1331765673,10376.0,361452.96,C1922225422,20489.03,0.0,0,0
41,CASH_IN,60728.28,C1420277728,401.0,61129.28,C1130411959,3367629.89,3222656.07,0,0
691,TRANSFER,84174.31,C1766174104,84174.31,0.0,C2119229294,0.0,0.0,1,0
209,CASH_OUT,174401.87,C643953858,485356.96,310955.09,C2005649587,4040227.95,4214629.82,0,0
625,CASH_OUT,10000000.0,C138482312,10000000.0,0.0,C1166027089,2160858.93,12160858.93,1,0
25,CASH_OUT,357631.89,C44469141,0.0,0.0,C1403770809,1388866.77,1746498.66,0,0
621,CASH_OUT,193405.1,C1910255307,80931.0,0.0,C1489925086,126258.29,319663.39,0,0
550,PAYMENT,13088.26,C1412468562,9925.0,0.0,M1624444041,0.0,0.0,0,0
331,CASH_IN,66412.86,C444226455,0.0,66412.86,C472805251,2998525.99,2932113.12,0,0
23,PAYMENT,14004.25,C156154265,0.0,0.0,M1390764913,0.0,0.0,0,0
145,TRANSFER,3572736.74,C699121827,3572736.74,0.0,C1252527370,0.0,0.0,1,0
205,CASH_OUT,8459.08,C80531318,52609.0,44149.92,C891192830,2830358.5,2838817.57,0,0
395,CASH_OUT,261388.6,C1256940094,184793.0,0.0,C1580787500,0.0,261388.6,0,0
140,TRANSFER,649968.87,C1136009119,649968.87,0.0,C864356085,0.0,0.0,1,0
12,CASH_IN,257673.25,C863749085,326539.83,584213.08,C1379289710,3569945.35,3545464.58,0,0
402,CASH_OUT,27631.65,C1242784141,19157.0,0.0,C1143259211,0.0,27631.65,0,0
283,PAYMENT,6744.39,C177226263,314179.0,307434.61,M1932184292,0.0,0.0,0,0
307,CASH_IN,24967.53,C1591710387,3117161.22,3142128.74,C1862493046,1223035.12,1198067.6,0,0
132,CASH_IN,113544.91,C1225139972,2051847.64,2165392.55,C352025003,383158.92,269614.01,0,0
130,CASH_OUT,96485.24,C856540536,31245.0,0.0,C1267755697,0.0,96485.24,0,0
188,CASH_OUT,309262.21,C1500276298,243.0,0.0,C1480930371,139709.87,448972.08,0,0
208,CASH_IN,330892.79,C1281559912,99707.0,430599.79,C1618911386,0.0,0.0,0,0
53,CASH_OUT,99139.27,C457849577,99139.27,0.0,C253226648,28766.55,127905.82,1,0
13,CASH_OUT,184135.64,C1541977973,0.0,0.0,C494900781,1314436.67,1245249.47,0,0
210,CASH_IN,40399.1,C67117438,35688.0,76087.1,C1873739758,1175938.6,1135539.5,0,0
88,CASH_OUT,3607917.73,C1513663831,3607917.73,0.0,C1935735129,8391754.13,11999671.85,1,0
301,CASH_IN,144235.55,C1788637453,2317844.1,2462079.65,C1732607973,537188.69,392953.15,0,0
155,CASH_IN,164697.94,C1009774362,1064.0,165761.94,C2107622927,0.0,0.0,0,0
235,PAYMENT,7251.95,C816680586,8028.0,776.05,M1127409572,0.0,0.0,0,0
208,CASH_OUT,176894.73,C241443048,51738.0,0.0,C1547603604,734708.39,911603.11,0,0
333,CASH_IN,257508.88,C527521547,4730185.9,4987694.77,C878158504,372187.09,114678.21,0,0
399,CASH_OUT,253739.66,C1725109565,1308.0,0.0,C2041538319,244257.08,497996.73,0,0
323,CASH_OUT,228442.0,C249224542,311995.0,83553.0,C1271442148,96201.66,324643.65,0,0
13,CASH_IN,8639.65,C1792596724,8159.0,16798.65,C1793525891,124298.79,115659.14,0,0
154,CASH_OUT,316442.98,C340894224,0.0,0.0,C1996463016,1164045.49,1480488.47,0,0
137,CASH_IN,230636.02,C1598475667,32146.0,262782.02,C690263542,12753127.89,12522491.86,0,0
206,PAYMENT,1250.02,C1990272435,4243.0,2992.98,M1357060066,0.0,0.0,0,0
134,PAYMENT,37181.69,C40313572,206877.0,169695.31,M1441635140,0.0,0.0,0,0
355,CASH_IN,67981.04,C1857114566,3576529.21,3644510.25,C539271379,214070.46,146089.42,0,0
188,CASH_IN,244014.63,C1967417479,2055282.18,2299296.81,C847400298,1750337.29,1506322.66,0,0
13,CASH_IN,250936.03,C979693617,13736.0,264672.03,C796774130,0.0,0.0,0,0
161,PAYMENT,21630.8,C1913920446,315682.87,294052.06,M926770870,0.0,0.0,0,0
260,CASH_IN,225693.61,C717299682,5288383.62,5514077.23,C1170518224,1174196.45,948502.84,0,0
333,PAYMENT,10808.06,C489179005,82098.0,71289.94,M1938482168,0.0,0.0,0,0
353,CASH_OUT,318959.69,C1451867592,0.0,0.0,C381043748,3745039.89,4063999.59,0,0
345,CASH_OUT,49934.13,C68295814,0.0,0.0,C1966580256,146082.93,196017.06,0,0
18,CASH_IN,34765.93,C197150024,10601.0,45366.93,C331698141,275760.15,240994.22,0,0
301,PAYMENT,16058.15,C1095517207,395461.4,379403.25,M1466266828,0.0,0.0,0,0
300,CASH_OUT,269604.98,C1468744670,33071.0,0.0,C1874679514,517476.72,787081.71,0,0
37,TRANSFER,137008.98,C2013728837,0.0,0.0,C1870405969,1240583.45,1377592.43,0,0
21,CASH_OUT,165315.88,C664689616,24809.0,0.0,C1621124868,562681.58,727997.47,0,0
261,CASH_IN,159714.38,C947994351,11388323.04,11548037.42,C47096487,193468.32,33753.94,0,0
317,CASH_OUT,223228.11,C600776492,223228.11,0.0,C856386556,252901.53,476129.65,1,0
330,TRANSFER,9198459.96,C1938563375,9198459.96,0.0,C1187100670,0.0,0.0,1,0
229,CASH_OUT,47869.31,C2023016784,318.0,0.0,C276266187,810232.99,858102.31,0,0
277,CASH_OUT,93708.48,C655733241,80067.0,0.0,C131341055,22180350.69,22274059.17,0,0
42,CASH_OUT,169773.25,C422626682,51145.0,0.0,C1205097230,235607.77,405381.03,0,0
12,TRANSFER,425899.74,C116829899,277.0,0.0,C2127132683,2578494.45,3004394.19,0,0
518,PAYMENT,15868.64,C198212049,25321.0,9452.36,M1304934424,0.0,0.0,0,0
188,PAYMENT,5011.0,C1814128357,610347.0,605336.0,M1878914552,0.0,0.0,0,0
215,PAYMENT,185.98,C1110389156,69570.0,69384.02,M1073141585,0.0,0.0,0,0
357,PAYMENT,5694.62,C436372980,151604.19,145909.57,M536198305,0.0,0.0,0,0
261,CASH_IN,275606.96,C824437154,21918264.39,22193871.35,C1076225166,8483657.02,8208050.07,0,0
546,TRANSFER,287274.81,C1989485467,30464.0,0.0,C333771700,1513928.08,1801202.89,0,0
139,CASH_IN,53565.66,C1663474429,2394444.75,2448010.41,C1436219727,270829.76,217264.1,0,0
180,CASH_OUT,158554.3,C1906462585,14910.0,0.0,C1531546370,174082.67,332636.97,0,0
131,PAYMENT,12970.98,C1068166351,324970.52,311999.54,M1675690302,0.0,0.0,0,0
12,PAYMENT,19812.48,C1263206843,0.0,0.0,M6448066,0.0,0.0,0,0
355,PAYMENT,2201.02,C189232048,0.0,0.0,M1917597306,0.0,0.0,0,0
165,DEBIT,1260.19,C1775235608,12707.0,11446.81,C1081363476,61214.55,62474.73,0,0
314,TRANSFER,2984434.36,C568807005,2984434.36,0.0,C417695471,0.0,0.0,1,0
195,TRANSFER,601657.23,C1023699777,601657.23,0.0,C14537324,0.0,0.0,1,0
226,PAYMENT,50220.1,C750563950,11586.0,0.0,M1337504559,0.0,0.0,0,0
250,TRANSFER,177217.55,C1034306839,177217.55,0.0,C1979293202,0.0,0.0,1,0
186,PAYMENT,6317.28,C1856665188,3670.72,0.0,M1218296243,0.0,0.0,0,0
514,CASH_IN,307495.94,C2045818106,221594.0,529089.94,C1439400644,0.0,0.0,0,0
306,PAYMENT,20228.21,C1718513008,111887.0,91658.79,M626714387,0.0,0.0,0,0
159,CASH_OUT,267316.76,C1659071438,0.0,0.0,C953405992,618087.42,885404.18,0,0
165,CASH_IN,21521.16,C1196827256,7704775.06,7726296.22,C840360823,5339755.32,5318234.16,0,0
155,PAYMENT,2771.95,C1224904135,0.0,0.0,M35810629,0.0,0.0,0,0
325,CASH_IN,178082.16,C1889523688,39117.0,217199.16,C1632988199,0.0,0.0,0,0
238,PAYMENT,393.39,C1608076161,403513.0,403119.61,M1713739233,0.0,0.0,0,0
352,PAYMENT,10139.63,C1688776176,0.0,0.0,M1519277542,0.0,0.0,0,0
154,CASH_OUT,442722.01,C1825078209,442722.01,0.0,C216559212,90335.5,533057.51,1,0
235,CASH_OUT,11058.05,C709171081,22025.0,10966.95,C1363680922,1445887.79,1456945.84,0,0
181,CASH_OUT,146602.39,C305042924,5661.0,0.0,C1963643612,410429.19,557031.58,0,0
349,CASH_IN,75857.34,C758625299,4999591.41,5075448.75,C1415681558,1250445.59,1174588.25,0,0
187,TRANSFER,934988.11,C1320191121,7047.0,0.0,C1595976286,0.0,934988.11,0,0
305,CASH_OUT,234520.72,C1536544941,33233.0,0.0,C2135227744,186051.44,420572.16,0,0
164,CASH_OUT,205580.7,C1021440010,0.0,0.0,C1812032550,594149.85,799730.54,0,0
178,PAYMENT,8489.82,C1813480970,0.0,0.0,M916902909,0.0,0.0,0,0
590,CASH_OUT,146881.22,C1455398286,21217.0,0.0,C667879722,0.0,146881.22,0,0
253,CASH_OUT,465535.46,C1249509664,506.0,0.0,C1024161943,365443.49,830978.96,0,0
182,CASH_OUT,114923.18,C875755645,0.0,0.0,C1307732568,536542.87,651466.05,0,0
273,CASH_OUT,4574246.75,C441939747,4574246.75,0.0,C217088344,0.0,4574246.75,1,0
132,CASH_IN,564877.54,C1466914413,23804.0,588681.54,C1881174947,266878.16,0.0,0,0
382,CASH_IN,10794.68,C759376063,2196774.94,2207569.62,C490210259,592834.16,582039.49,0,0
540,CASH_OUT,251095.26,C356403154,0.0,0.0,C1006271631,1170483.3,1421578.56,0,0
20,CASH_IN,54013.84,C1198438499,5068902.68,5122916.52,C447933528,632826.38,578812.53,0,0
232,CASH_OUT,105484.67,C1876726188,51236.0,0.0,C104769359,0.0,105484.67,0,0
619,CASH_OUT,2341474.44,C1090006952,2341474.44,0.0,C264963065,18780.15,2360254.6,1,0
299,CASH_OUT,370990.94,C2387751,50839.0,0.0,C995444994,0.0,370990.94,0,0
164,PAYMENT,7367.71,C1794386637,539597.0,532229.29,M1555086135,0.0,0.0,0,0
260,CASH_IN,130891.52,C1766769845,18674448.98,18805340.5,C1889087794,193295.8,62404.28,0,0
20,PAYMENT,8076.03,C1513072396,0.0,0.0,M1983160537,0.0,0.0,0,0
14,PAYMENT,2774.44,C13107021,355.3,0.0,M831828010,0.0,0.0,0,0
687,TRANSFER,69077.14,C2069569209,69077.14,0.0,C1003619052,0.0,0.0,1,0
315,TRANSFER,7748802.0,C149785547,7748802.0,0.0,C733601841,0.0,0.0,1,0
307,CASH_OUT,160140.38,C1030958469,307599.66,147459.28,C322788598,0.0,160140.38,0,0
330,CASH_IN,246785.36,C811628931,333922.06,580707.42,C1255763514,255894.59,9109.23,0,0
330,PAYMENT,4826.11,C1791528171,0.0,0.0,M1023488706,0.0,0.0,0,0
284,CASH_OUT,153251.46,C1804824125,21174.0,0.0,C1242163518,0.0,153251.46,0,0
346,PAYMENT,1925.14,C391336948,0.0,0.0,M437072363,0.0,0.0,0,0
404,CASH_IN,74722.67,C2133287377,291.0,75013.67,C69424971,3339976.05,3265253.39,0,0
345,CASH_IN,198690.05,C594108536,982451.32,1181141.37,C12041856,8256140.35,8057450.29,0,0
326,PAYMENT,17618.75,C1038799756,0.0,0.0,M199605114,0.0,0.0,0,0
19,PAYMENT,6097.58,C1099129330,70327.0,64229.42,M1981490249,0.0,0.0,0,0
157,PAYMENT,5581.66,C115219381,527335.09,521753.43,M1164736769,0.0,0.0,0,0
517,TRANSFER,699183.61,C735610108,699183.61,0.0,C1408037662,0.0,0.0,1,0
210,TRANSFER,13578.25,C2034513010,0.0,0.0,C1703636994,5880034.68,5893612.93,0,0
303,PAYMENT,11266.12,C769135501,40083.0,28816.88,M581192436,0.0,0.0,0,0
379,PAYMENT,13042.19,C1318175065,38342.07,25299.89,M1131278676,0.0,0.0,0,0
138,TRANSFER,550364.68,C1865250897,0.0,0.0,C1111795873,4176346.55,4726711.23,0,0
234,PAYMENT,12265.22,C2040858615,358.0,0.0,M437343599,0.0,0.0,0,0
130,CASH_OUT,323480.6,C1013479937,1066.0,0.0,C260743701,9079.93,332560.52,0,0
15,CASH_IN,220062.78,C489740246,1593247.35,1813310.13,C1838518494,1550900.19,1330837.41,0,0
379,CASH_OUT,124890.86,C662062057,0.0,0.0,C2058014944,6582124.98,6707015.84,0,0
298,CASH_OUT,73201.16,C1938364484,0.0,0.0,C527032239,334652.92,407854.09,0,0
347,CASH_IN,192219.24,C1744788562,238579.0,430798.24,C1090059801,0.0,0.0,0,0
451,PAYMENT,11053.63,C1337926869,36638.0,25584.37,M22708320,0.0,0.0,0,0
164,PAYMENT,4534.19,C473007410,0.0,0.0,M1727720086,0.0,0.0,0,0
210,PAYMENT,2448.47,C629322180,11026.0,8577.53,M1654459293,0.0,0.0,0,0
376,CASH_OUT,93238.28,C793359581,55979.0,0.0,C2033263208,381529.59,474767.87,0,0
395,CASH_IN,18656.05,C1763557236,3205399.58,3224055.63,C1152345422,305586.22,286930.16,0,0
280,PAYMENT,8127.72,C1457494686,399666.0,391538.28,M1979383111,0.0,0.0,0,0
252,CASH_IN,164979.96,C451051822,499768.0,664747.96,C722131427,3190548.1,3025568.15,0,0
136,CASH_IN,166968.45,C361173578,21404.0,188372.45,C1730545500,0.0,0.0,0,0
347,CASH_OUT,299386.09,C407025345,55985.26,0.0,C617450984,2198137.72,2497523.81,0,0
331,CASH_OUT,185961.82,C1240100920,183.0,0.0,C2018629865,0.0,185961.82,0,0
186,CASH_IN,514.02,C1463072295,235.0,749.02,C1881092470,0.0,0.0,0,0
218,CASH_OUT,957432.32,C261371522,957432.32,0.0,C941458024,4634.35,962066.67,1,0
354,TRANSFER,241257.94,C383143172,0.0,0.0,C459591527,1351132.67,1592390.61,0,0
346,TRANSFER,2146137.72,C1925196312,0.0,0.0,C1647985238,2270291.49,4416429.21,0,0
209,CASH_IN,245586.17,C2015286393,0.0,245586.17,C479778696,11373304.96,11127718.78,0,0
407,CASH_OUT,327473.29,C1801180108,0.0,0.0,C2125365489,14785878.33,15113351.62,0,0
353,PAYMENT,8613.18,C220170144,20214.0,11600.82,M2011154733,0.0,0.0,0,0
297,PAYMENT,10608.72,C1895890374,162457.0,151848.28,M945746307,0.0,0.0,0,0
139,CASH_OUT,139324.46,C959073772,76842.06,0.0,C461932706,1740313.43,1879637.9,0,0
128,TRANSFER,4483868.79,C1664723459,4483868.79,0.0,C366674827,0.0,0.0,1,0
185,PAYMENT,2940.97,C1702232658,0.0,0.0,M945475195,0.0,0.0,0,0
210,PAYMENT,4873.74,C325011338,0.0,0.0,M1647794023,0.0,0.0,0,0
520,PAYMENT,11368.79,C240160885,37416.41,26047.61,M1605867669,0.0,0.0,0,0
155,CASH_IN,132353.2,C973949445,7128178.39,7260531.59,C744020030,239391.01,107037.8,0,0
39,PAYMENT,29698.59,C759774743,25302.0,0.0,M115619905,0.0,0.0,0,0
138,CASH_IN,268774.01,C2024671264,4801684.73,5070458.74,C1054509610,2985924.64,2717150.63,0,0
10,DEBIT,6746.16,C97884761,392092.32,385346.17,C601273889,1442434.83,1501249.72,0,0
360,PAYMENT,3336.84,C1651071487,10907.0,7570.16,M979045885,0.0,0.0,0,0
22,TRANSFER,245795.15,C1874758926,9583.0,0.0,C1475984255,330269.59,576064.75,0,0
185,CASH_OUT,31314.58,C928940092,0.0,0.0,C1543621407,211094.85,242409.43,0,0
720,CASH_OUT,40075.02,C1765193112,40075.02,0.0,C153506501,0.0,40075.02,1,0
378,CASH_IN,224732.79,C364203393,7780549.68,8005282.47,C840863975,1429545.2,1204812.42,0,0
17,CASH_IN,232975.7,C2004316603,1177762.36,1410738.06,C1427799264,648904.03,165126.22,0,0
596,CASH_IN,38270.81,C304310949,2006.0,40276.81,C1514453373,5126096.66,5087825.85,0,0
249,CASH_OUT,62162.4,C1838301217,0.0,0.0,C215871091,791714.93,853877.33,0,0
14,PAYMENT,12710.17,C553118568,49219.0,36508.83,M2031965445,0.0,0.0,0,0
277,CASH_OUT,211625.16,C378676944,0.0,0.0,C1919474156,1362394.89,1574020.05,0,0
217,CASH_OUT,3452538.75,C747295947,3452538.75,0.0,C2039362232,2350433.08,5802971.83,1,0
404,CASH_OUT,19543.62,C495243164,164.0,0.0,C1079064546,30813.88,50357.5,0,0
234,PAYMENT,30262.65,C1229615163,698481.77,668219.12,M1815215667,0.0,0.0,0,0
139,CASH_OUT,548135.5,C1431025145,0.0,0.0,C909249181,7685155.26,8233290.76,0,0
225,CASH_OUT,84703.87,C1976888667,84703.87,0.0,C239391971,773479.2,858183.06,1,0
399,PAYMENT,6227.54,C1802384035,0.0,0.0,M821586083,0.0,0.0,0,0
399,CASH_IN,51967.69,C1847944423,4951979.3,5003946.99,C254005780,1998698.84,1946731.15,0,0
251,CASH_IN,89556.56,C1223803429,2554498.68,2644055.25,C2030656333,631629.71,542073.14,0,0
140,CASH_IN,146530.91,C189500836,50325.0,196855.91,C1916659376,281766.79,135235.88,0,0
154,CASH_IN,158149.79,C1619304294,1950595.13,2108744.92,C1502537432,178039.7,19889.91,0,0
355,PAYMENT,5838.37,C801692242,0.0,0.0,M1716873762,0.0,0.0,0,0
188,CASH_OUT,46373.49,C1588400486,20922.0,0.0,C28484863,298988.43,345361.93,0,0
330,CASH_OUT,332980.41,C47368437,0.0,0.0,C979793075,351061.61,684042.02,0,0
162,CASH_OUT,23355.95,C210694257,0.0,0.0,C2006844221,372211.9,395567.85,0,0
301,PAYMENT,11236.14,C1920319668,0.0,0.0,M784465908,0.0,0.0,0,0
59,TRANSFER,1011606.26,C813936493,1011606.26,0.0,C1382261132,0.0,0.0,1,0
42,PAYMENT,3571.55,C151540918,10860.0,7288.45,M216664775,0.0,0.0,0,0
207,CASH_OUT,106890.23,C1137794611,0.0,0.0,C477905796,182304.7,289194.94,0,0
685,CASH_OUT,47061.52,C1390208933,47061.52,0.0,C72626966,372871.76,419933.28,1,0
188,CASH_OUT,259395.89,C1099747598,1681.0,0.0,C2047146326,490489.16,749885.05,0,0
333,CASH_OUT,7012.29,C1666376799,106816.0,99803.71,C1494229175,183190.72,190203.01,0,0
321,CASH_IN,105312.04,C2126795204,21107.0,126419.04,C373616790,190017.2,84705.17,0,0
228,PAYMENT,22412.63,C1067427597,25572.0,3159.37,M24341558,0.0,0.0,0,0
201,CASH_IN,28828.8,C1785583287,14208.0,43036.8,C34257403,1212126.65,1183297.85,0,0
307,CASH_IN,86125.91,C198615846,37053.0,123178.91,C324263887,1772578.53,1686452.62,0,0
158,CASH_OUT,479506.64,C1203208167,316279.36,0.0,C144312382,3784854.32,4264360.96,0,0
349,TRANSFER,391749.99,C2058058724,0.0,0.0,C155058250,1064605.19,1456355.18,0,0
380,CASH_OUT,244130.88,C462633686,10554.0,0.0,C407499489,0.0,244130.88,0,0
395,PAYMENT,7441.43,C877713648,0.0,0.0,M830553932,0.0,0.0,0,0
699,CASH_OUT,2763398.31,C1491503658,2763398.31,0.0,C454424230,339515.35,3102913.66,1,0
259,PAYMENT,10543.23,C1786399139,0.0,0.0,M627107982,0.0,0.0,0,0
16,CASH_OUT,92984.43,C1544641221,0.0,0.0,C879842377,244983.12,0.0,0,0
304,CASH_OUT,157830.33,C1858156285,5277.0,0.0,C2021784868,2812934.4,2970764.73,0,0
130,CASH_IN,129829.25,C24567210,7181818.87,7311648.12,C1513343234,135162.17,5332.92,0,0
348,PAYMENT,10894.99,C1413078967,32433.0,21538.01,M244922600,0.0,0.0,0,0
226,CASH_IN,380084.92,C1334627116,1165701.99,1545786.91,C1108238614,490999.84,110914.92,0,0
156,CASH_OUT,265711.77,C1851532807,13153.0,0.0,C2117924870,6330350.42,6596062.19,0,0
188,CASH_IN,212708.85,C191297121,24424905.49,24637614.33,C1335998542,357472.12,144763.27,0,0
14,CASH_IN,422161.26,C539364200,6617306.66,7039467.91,C2032266039,1016236.26,1176661.3,0,0
115,CASH_OUT,116977.16,C1560425158,116977.16,0.0,C1666306933,285995.28,402972.44,1,0
72,CASH_OUT,3786438.03,C1706727269,3786438.03,0.0,C98727471,84013.26,3870451.29,1,0
189,PAYMENT,18397.02,C22902916,254.0,0.0,M538476974,0.0,0.0,0,0
300,PAYMENT,3359.8,C1925428605,0.0,0.0,M402905261,0.0,0.0,0,0
379,CASH_OUT,254217.8,C1956097250,0.0,0.0,C1642883483,685800.34,940018.14,0,0
371,TRANSFER,57795.1,C890985590,0.0,0.0,C1685761527,2954194.96,3011990.06,0,0
285,CASH_OUT,184582.79,C752311208,90691.81,0.0,C788541351,1492254.01,1676836.8,0,0
186,CASH_OUT,90946.86,C1207956322,111102.3,20155.45,C524502727,808484.42,899431.27,0,0
44,CASH_OUT,152726.08,C1162255954,32775.0,0.0,C1055181815,927182.72,1079908.81,0,0
154,CASH_OUT,140667.81,C2074104587,16011.54,0.0,C1289296367,757299.23,897967.03,0,0
381,TRANSFER,703882.14,C1086283812,703882.14,0.0,C575658952,0.0,0.0,1,0
399,TRANSFER,2170741.15,C1948973406,0.0,0.0,C1668994502,12130847.59,14301588.74,0,0
140,PAYMENT,8287.48,C1545301214,0.0,0.0,M405411721,0.0,0.0,0,0
213,CASH_OUT,90537.42,C927239916,306583.0,216045.58,C1154135921,1219835.88,1310373.31,0,0
311,PAYMENT,12994.47,C542457758,94771.0,81776.53,M1861338528,0.0,0.0,0,0
235,CASH_OUT,25677.08,C1482697160,8265.59,0.0,C1570078120,262706.84,288383.91,0,0
451,CASH_OUT,210286.73,C1793064160,0.0,0.0,C667615164,359710.3,569997.03,0,0
283,CASH_OUT,145382.68,C1368570347,0.0,0.0,C874915017,359004.66,504387.33,0,0
181,TRANSFER,2074041.37,C292785673,0.0,0.0,C221674877,9540123.65,11614165.02,0,0
164,PAYMENT,6988.65,C437576009,0.0,0.0,M1188646898,0.0,0.0,0,0
135,CASH_IN,65921.7,C56975274,4460149.36,4526071.05,C1852136420,925691.76,693312.77,0,0
376,CASH_OUT,7251.82,C1020577871,0.0,0.0,C1350697785,1452202.25,1459454.06,0,0
46,PAYMENT,18908.49,C200484889,0.0,0.0,M27447828,0.0,0.0,0,0
180,TRANSFER,3608191.52,C771163854,3608191.52,0.0,C88210735,0.0,0.0,1,0
211,CASH_OUT,150270.26,C449005494,73528.0,0.0,C1969579752,19056.0,60412.69,0,0
186,CASH_OUT,128087.18,C1256375864,0.0,0.0,C146305349,14105628.87,14233716.05,0,0
13,PAYMENT,22053.12,C1378792860,57376.12,35323.0,M513235888,0.0,0.0,0,0
42,TRANSFER,205376.48,C2028142482,48972.0,0.0,C527237071,248344.86,453721.33,0,0
276,PAYMENT,2510.11,C198700118,0.0,0.0,M1034294559,0.0,0.0,0,0
178,PAYMENT,17981.09,C803799304,0.0,0.0,M670958597,0.0,0.0,0,0
211,CASH_IN,130047.9,C1125490101,10207533.06,10337580.96,C721832530,1912816.37,1763174.57,0,0
157,PAYMENT,2752.89,C2131273334,0.0,0.0,M1008823597,0.0,0.0,0,0
10,CASH_OUT,108819.45,C1418773811,11409.0,0.0,C1884542690,39408.68,208917.65,0,0
257,CASH_IN,39049.04,C1889613331,19079886.28,19118935.32,C712437195,2389396.71,2350347.67,0,0
355,CASH_OUT,109371.98,C2048943702,80624.0,0.0,C760894567,0.0,109371.98,0,0
404,CASH_OUT,393539.07,C1026426379,15379.0,0.0,C1556070864,3042651.42,3436190.49,0,0
374,TRANSFER,840832.04,C1993998814,0.0,0.0,C752752102,2217734.61,3058566.65,0,0
26,CASH_OUT,331829.94,C1357985676,331829.94,0.0,C255246845,792855.99,1124685.94,1,0
11,CASH_IN,72097.34,C1142449982,2343137.16,2415234.49,C62920591,128866.65,56769.32,0,0
691,CASH_OUT,108650.68,C1491457625,134664.73,26014.05,C957462018,7279973.55,7388624.23,0,0
564,TRANSFER,3968964.4,C432264411,3968964.4,0.0,C536142403,0.0,0.0,1,0
210,PAYMENT,5741.78,C840948379,121757.36,116015.58,M1198604075,0.0,0.0,0,0
323,CASH_IN,40470.71,C498302795,64276.0,104746.71,C836706113,543211.18,502740.47,0,0
206,CASH_OUT,297282.24,C1850672439,0.0,0.0,C1766992416,570512.09,867794.33,0,0
355,CASH_IN,10953.19,C743422511,48144.0,59097.19,C1437433905,464988.78,454035.59,0,0
208,CASH_OUT,481278.92,C952417062,0.0,0.0,C1956871313,3374538.73,3855817.65,0,0
212,CASH_IN,75481.18,C2069888668,10183568.69,10259049.87,C387446837,75851.79,370.62,0,0
263,PAYMENT,3525.2,C840655995,107043.0,103517.8,M1318210435,0.0,0.0,0,0
380,CASH_OUT,89686.54,C1224711919,0.0,0.0,C1619790210,3636311.97,3725998.52,0,0
94,CASH_IN,187163.02,C1956586247,2198605.58,2385768.6,C526248201,317438.09,130275.07,0,0
407,PAYMENT,19041.95,C927335446,68077.0,49035.05,M1666720874,0.0,0.0,0,0
439,CASH_OUT,112656.24,C567378649,112656.24,0.0,C1804497744,0.0,112656.24,1,0
259,CASH_OUT,84432.21,C277728905,293424.0,208991.79,C507188373,0.0,84432.21,0,0
159,CASH_OUT,137005.12,C1790915847,0.0,0.0,C1162160018,280612.67,417617.79,0,0
34,TRANSFER,989311.12,C2035691205,989311.12,0.0,C2145664965,0.0,0.0,1,0
130,CASH_IN,146890.97,C1525411251,327033.49,473924.47,C1872721498,1595153.79,1713644.92,0,0
140,PAYMENT,12830.57,C455967284,20351.29,7520.72,M1784760542,0.0,0.0,0,0
12,CASH_IN,171721.62,C1766000566,3513258.87,3684980.49,C1501460927,324852.19,153130.57,0,0
326,CASH_IN,143767.56,C79438250,4139915.45,4283683.01,C1794448647,881649.36,737881.8,0,0
315,TRANSFER,3972968.92,C438643114,3972968.92,0.0,C883677752,0.0,0.0,1,0
617,CASH_OUT,621034.85,C1773928363,621034.85,0.0,C1457220029,0.0,621034.85,1,0
182,CASH_OUT,263694.4,C1371545488,3068.17,0.0,C719446366,1003359.65,1267054.05,0,0
19,CASH_OUT,75829.35,C29775448,6509.0,0.0,C1963296627,0.0,0.0,0,0
206,CASH_OUT,134077.43,C1013199415,0.0,0.0,C965640163,485283.53,619360.97,0,0
355,TRANSFER,206625.38,C1657770612,0.0,0.0,C2129102492,2226271.16,2620685.04,0,0
326,CASH_OUT,142745.21,C1043381290,53018.0,0.0,C605059078,100620.73,243365.94,0,0
161,CASH_OUT,3006.79,C1859959566,70001.0,66994.21,C123818609,0.0,3006.79,0,0
162,CASH_IN,97589.76,C81502738,218435.59,316025.35,C1104243021,996749.82,899160.06,0,0
134,TRANSFER,591810.0,C138645158,0.0,0.0,C1544002311,788332.38,1380142.39,0,0
306,CASH_OUT,170813.09,C1935836474,0.0,0.0,C1965987934,1234363.22,1405176.31,0,0
349,PAYMENT,36711.74,C583917550,0.0,0.0,M1347828413,0.0,0.0,0,0
599,TRANSFER,1074.81,C111480828,1074.81,0.0,C1848921625,0.0,0.0,1,0
699,TRANSFER,2763398.31,C577803442,2763398.31,0.0,C619602282,0.0,0.0,1,0
351,TRANSFER,118111.77,C454838857,118111.77,0.0,C838301055,0.0,0.0,1,0
402,TRANSFER,317338.76,C358222121,0.0,0.0,C29115131,20627207.65,20944546.41,0,0
393,PAYMENT,17105.98,C1452836485,56310.0,39204.02,M1969212081,0.0,0.0,0,0
253,CASH_OUT,25070.37,C143849645,0.0,0.0,C523606293,524572.04,549642.41,0,0
394,CASH_OUT,573386.85,C2050612577,19906.0,0.0,C36076431,246403.63,819790.48,0,0
213,PAYMENT,26967.37,C353487403,0.0,0.0,M483387588,0.0,0.0,0,0
135,CASH_OUT,64344.39,C853284614,101284.0,36939.61,C1287782964,278918.66,343263.05,0,0
11,CASH_IN,3030.02,C1026907698,1037772.76,1040802.79,C143415982,7741.0,4710.98,0,0
328,CASH_OUT,26779.2,C167478106,50966.0,24186.8,C1243006578,0.0,26779.2,0,0
202,PAYMENT,12310.3,C1228010995,29696.0,17385.7,M1211231586,0.0,0.0,0,0
329,CASH_IN,16959.28,C912488820,6660319.09,6677278.37,C417311271,450519.66,433560.37,0,0
154,CASH_OUT,359531.86,C877593420,15586.0,0.0,C1011678083,0.0,359531.86,0,0
44,CASH_OUT,1649818.97,C2052172437,1649818.97,0.0,C1401780750,560704.68,2210523.64,1,0
180,TRANSFER,2158380.69,C526915072,49207.0,0.0,C806197894,12928.89,2171309.58,0,0
682,CASH_OUT,64557.77,C1662040818,64557.77,0.0,C906325227,9899500.06,9964057.83,1,0
302,PAYMENT,5891.87,C1959333290,0.0,0.0,M489037295,0.0,0.0,0,0
367,TRANSFER,902483.91,C757385548,902483.91,0.0,C150262836,0.0,0.0,1,0
312,DEBIT,2630.03,C121330965,10304.0,7673.97,C1328313027,128918.93,131548.95,0,0
136,CASH_IN,11160.36,C2051182305,3178895.21,3190055.57,C440339624,251483.05,240322.68,0,0
298,CASH_IN,277843.52,C1174111221,259269.0,537112.52,C509950838,938141.49,660297.98,0,0
148,CASH_OUT,394886.13,C1897206044,394886.13,0.0,C398205372,840653.68,1235539.81,1,0
258,PAYMENT,23786.04,C1805469402,63754.0,39967.96,M2089148648,0.0,0.0,0,0
403,PAYMENT,21773.35,C1500491241,65301.52,43528.17,M76820373,0.0,0.0,0,0
183,CASH_IN,46884.23,C953003957,5648253.14,5695137.37,C1559914934,2997500.84,2950616.61,0,0
14,CASH_IN,50231.4,C1579900372,73317.0,123548.4,C1588936012,929666.71,1200616.23,0,0
235,CASH_IN,80270.23,C1364682567,8475883.69,8556153.92,C1974084241,1442153.55,1361883.32,0,0
284,CASH_OUT,108583.01,C1695049682,59601.0,0.0,C1420317095,2422603.91,2531186.92,0,0
161,CASH_IN,32651.88,C1851138734,659173.02,691824.89,C2042002807,135042.01,102390.13,0,0
229,CASH_IN,16924.64,C1836082105,657495.19,674419.83,C783685765,381889.32,364964.68,0,0
479,PAYMENT,1492.44,C1459606153,27971.0,26478.56,M21229561,0.0,0.0,0,0
372,TRANSFER,2070874.93,C1746739967,297216.0,0.0,C786852402,20941916.54,23012791.46,0,0
383,PAYMENT,6744.51,C901706001,21014.0,14269.49,M291051668,0.0,0.0,0,0
402,PAYMENT,16972.7,C159719719,0.0,0.0,M1838563871,0.0,0.0,0,0
361,TRANSFER,299016.86,C1499900306,299016.86,0.0,C1983606729,0.0,0.0,1,0
179,CASH_IN,96701.29,C2059307040,683546.11,780247.39,C1373386086,271667.27,174965.98,0,0
38,CASH_OUT,198895.28,C181831215,35288.0,0.0,C1370266994,503502.74,702398.02,0,0
324,CASH_OUT,81284.35,C231272715,0.0,0.0,C719290890,110623.45,191907.79,0,0
188,PAYMENT,14861.91,C60892732,305280.36,290418.44,M1412601382,0.0,0.0,0,0
37,PAYMENT,44429.69,C1553888798,42390.0,0.0,M1954863376,0.0,0.0,0,0
259,CASH_IN,391508.4,C1796459031,185116.0,576624.4,C1174698001,360949.5,0.0,0,0
741,CASH_OUT,10000000.0,C677394894,10000000.0,0.0,C1866259073,0.0,10000000.0,1,0
474,PAYMENT,37950.0,C1722297616,0.0,0.0,M1219997908,0.0,0.0,0,0
203,CASH_IN,341238.16,C487335225,217615.42,558853.58,C1426983567,1413981.85,1072743.7,0,0
230,CASH_OUT,353770.7,C1506183283,29740.0,0.0,C198342213,1305239.16,1659009.85,0,0
230,CASH_IN,101552.05,C145377982,3914684.46,4016236.52,C1276102688,357645.84,256093.79,0,0
273,CASH_IN,55040.86,C1914273763,30814.0,85854.86,C539243166,1201161.96,1146121.1,0,0
302,CASH_OUT,251327.19,C1279200563,1219.0,0.0,C279373079,497032.53,748359.72,0,0
34,CASH_IN,19435.2,C909590801,605138.9,624574.1,C351677535,1378738.0,1359302.8,0,0
97,PAYMENT,2134.96,C743456694,30234.0,28099.04,M844819299,0.0,0.0,0,0
132,CASH_OUT,241034.07,C1248600870,0.0,0.0,C1258968743,954989.24,1196023.31,0,0
202,PAYMENT,23608.25,C1277579310,0.0,0.0,M1897380152,0.0,0.0,0,0
253,PAYMENT,13494.74,C46508627,26267.0,12772.26,M17635029,0.0,0.0,0,0
153,TRANSFER,109008.53,C1551236270,109008.53,0.0,C1615265325,0.0,0.0,1,0
252,PAYMENT,14553.91,C164652868,0.0,0.0,M1851465148,0.0,0.0,0,0
304,CASH_OUT,92175.88,C827351987,0.0,0.0,C1620915064,5183178.28,5275354.16,0,0
329,CASH_IN,133890.42,C1507224582,10338.0,144228.42,C571768393,10220.41,0.0,0,0
181,PAYMENT,23968.4,C1692214582,0.0,0.0,M5412217,0.0,0.0,0,0
240,CASH_OUT,1782737.6,C1890666727,1782737.6,0.0,C2034377028,7355794.78,9138532.38,1,0
341,TRANSFER,357824.01,C45970482,357824.01,0.0,C687230384,0.0,0.0,1,0
130,CASH_IN,151248.81,C896051851,3562.0,154810.81,C1854319535,40164.65,0.0,0,0
160,PAYMENT,34488.76,C778858293,77117.0,42628.24,M1302153757,0.0,0.0,0,0
61,CASH_OUT,332138.32,C520847673,332138.32,0.0,C362089456,52021.34,384159.66,1,0
298,PAYMENT,36986.21,C1525858338,24554.0,0.0,M276424378,0.0,0.0,0,0
187,PAYMENT,3210.46,C1533242386,0.0,0.0,M1568161926,0.0,0.0,0,0
233,CASH_IN,122195.64,C211659890,3629151.76,3751347.4,C657653827,199191.45,76995.81,0,0
38,TRANSFER,113110.08,C1771234154,296457.6,183347.51,C242868641,1761653.89,1874763.98,0,0
36,CASH_OUT,104018.05,C759590050,120811.17,16793.11,C1540212561,106917.37,210935.42,0,0
361,TRANSFER,1082308.05,C39420818,1082308.05,0.0,C105774839,0.0,0.0,1,0
351,CASH_OUT,50358.56,C36515207,0.0,0.0,C1112331265,1405690.91,1456049.47,0,0
131,CASH_OUT,172339.87,C82255132,0.0,0.0,C1822809160,222495.06,394834.93,0,0
129,CASH_OUT,105712.5,C332014203,0.0,0.0,C1654233317,180106.46,285818.95,0,0
270,CASH_OUT,144731.73,C1044513187,144731.73,0.0,C389065516,1259174.4,1403906.14,1,0
558,TRANSFER,209829.57,C955753523,209829.57,0.0,C1528787754,0.0,0.0,1,0
180,CASH_IN,48956.12,C846648325,2432090.7,2481046.82,C1840634639,360728.4,311772.28,0,0
261,PAYMENT,3610.2,C1426007278,23588.87,19978.67,M458103813,0.0,0.0,0,0
688,PAYMENT,13091.56,C245265959,0.0,0.0,M84548173,0.0,0.0,0,0
396,CASH_IN,24537.3,C806440700,2194910.38,2219447.68,C1987336270,1877337.28,1852799.98,0,0
306,CASH_OUT,252512.91,C1117967601,0.0,0.0,C26173831,381234.98,633747.9,0,0
177,CASH_OUT,325838.58,C1798136839,59461.0,0.0,C701686020,594715.45,1310138.68,0,0
7,CASH_OUT,112423.36,C1319381263,0.0,0.0,C97730845,14450751.76,14658353.25,0,0
202,CASH_OUT,34067.21,C249467137,0.0,0.0,C746111033,167189.46,201256.67,0,0
129,CASH_IN,98347.95,C1671049547,11874395.19,11972743.14,C1769778932,184976.1,86628.15,0,0
154,CASH_IN,62173.06,C1171048215,116694.0,178867.06,C202101281,1377842.15,1315669.09,0,0
328,CASH_OUT,235006.8,C972002155,0.0,0.0,C119686064,606723.47,841730.27,0,0
348,PAYMENT,9891.94,C1282069149,422521.92,412629.99,M1100867948,0.0,0.0,0,0
154,TRANSFER,884378.35,C1979632280,318.0,0.0,C762492906,115330.55,999708.9,0,0
404,CASH_OUT,374077.88,C1529570219,0.0,0.0,C805621075,1024844.14,1398922.03,0,0
229,TRANSFER,237801.88,C948939735,0.0,0.0,C1729949055,527410.98,765212.86,0,0
425,CASH_OUT,10000000.0,C1979558927,10000000.0,0.0,C678340768,1727027.89,11727027.89,1,0
349,TRANSFER,80800.21,C1531072167,80800.21,0.0,C1150452226,0.0,0.0,1,0
399,CASH_IN,25152.12,C1274291122,113101.0,138253.12,C1676711097,49672.0,24519.88,0,0
179,CASH_OUT,85485.99,C1567562128,0.0,0.0,C748930605,1684876.17,1770362.16,0,0
347,PAYMENT,9511.34,C1190832125,0.0,0.0,M1273426433,0.0,0.0,0,0
254,PAYMENT,3613.91,C1545990259,172365.02,168751.11,M1476514156,0.0,0.0,0,0
356,TRANSFER,752149.12,C2092676086,768.0,0.0,C220509786,0.0,752149.12,0,0
280,CASH_IN,98218.57,C981016166,184.0,98402.57,C2112350745,867919.41,769700.84,0,0
256,PAYMENT,19249.22,C464821109,122903.0,103653.78,M1930790437,0.0,0.0,0,0
356,PAYMENT,18174.19,C390527942,0.0,0.0,M200980530,0.0,0.0,0,0
209,CASH_IN,121563.62,C1879747792,11679.0,133242.62,C320885946,2180660.77,2059097.15,0,0
375,CASH_OUT,263609.4,C136701024,20868.0,0.0,C1571032050,1407085.26,1670694.66,0,0
570,TRANSFER,2925859.58,C382312588,2925859.58,0.0,C114627668,0.0,0.0,1,0
156,TRANSFER,773696.12,C2131970934,773696.12,0.0,C204911747,0.0,0.0,1,0
520,TRANSFER,53325.6,C270550084,53325.6,0.0,C1331040083,0.0,0.0,1,0
132,TRANSFER,777607.07,C1458775549,0.0,0.0,C1752428096,2646756.81,3424363.88,0,0
11,CASH_OUT,38270.49,C1909544192,0.0,0.0,C1194408015,82803.0,340174.59,0,0
397,PAYMENT,22191.72,C1078975422,211601.0,189409.28,M670804647,0.0,0.0,0,0
561,CASH_OUT,285294.11,C1241779064,285294.11,0.0,C1539330075,181588.17,466882.27,1,0
230,CASH_IN,151604.8,C1736197042,4362348.98,4513953.79,C1349026867,755182.7,603577.9,0,0
229,TRANSFER,305577.5,C2092756978,11584.0,0.0,C89675623,446120.72,753334.82,0,0
126,TRANSFER,5245375.3,C823324093,5245375.3,0.0,C1906616566,0.0,0.0,1,0
159,CASH_IN,223320.52,C1202018310,0.0,223320.52,C1720817498,11222391.35,10999070.84,0,0
44,CASH_OUT,419815.35,C1254318669,0.0,0.0,C1506849458,1192784.1,1612599.45,0,0
13,CASH_OUT,185725.09,C90020559,28435.0,0.0,C449932291,1706191.88,1891916.97,0,0
507,CASH_OUT,227304.91,C1775139869,227304.91,0.0,C127797193,80290.25,307595.16,1,0
166,TRANSFER,2611751.15,C1941325567,0.0,0.0,C2118695988,3024058.02,5635809.17,0,0
331,PAYMENT,920.32,C808777935,0.0,0.0,M1202334470,0.0,0.0,0,0
163,CASH_OUT,244276.41,C38372127,157.0,0.0,C545230092,0.0,244276.41,0,0
326,PAYMENT,2332.63,C1111624726,31.0,0.0,M2097831269,0.0,0.0,0,0
206,TRANSFER,144518.53,C2035961837,0.0,0.0,C1122732154,837561.96,982080.49,0,0
14,CASH_OUT,133151.11,C1590175459,60604.0,0.0,C1271864734,107133.0,0.0,0,0
301,CASH_OUT,195131.87,C83659398,10958.0,0.0,C705088936,52530.65,247662.52,0,0
179,CASH_OUT,34155.85,C1484224380,0.0,0.0,C883652311,38540.28,72696.12,0,0
279,CASH_OUT,54759.43,C1779303033,4800.0,0.0,C1260807354,540339.15,595098.57,0,0
36,PAYMENT,14776.69,C1023948511,62504.38,47727.68,M2133963849,0.0,0.0,0,0
19,PAYMENT,8777.03,C1994204970,20797.0,12019.97,M1166532666,0.0,0.0,0,0
298,CASH_OUT,2312.66,C1458211353,0.0,0.0,C1360722928,31762.05,34074.71,0,0
302,CASH_OUT,243272.47,C1241862936,320444.0,77171.53,C1430477015,359912.92,603185.39,0,0
226,TRANSFER,138291.37,C1985743321,30413.0,0.0,C1910963690,427043.68,565335.06,0,0
184,TRANSFER,340143.88,C1127405752,3282.0,0.0,C363061169,0.0,553008.39,0,0
277,CASH_OUT,249563.89,C1276273907,35737.89,0.0,C448123957,255995.06,505558.95,0,0
332,PAYMENT,14490.65,C1369042489,0.0,0.0,M1745595913,0.0,0.0,0,0
300,CASH_IN,146222.51,C840748640,99424.0,245646.51,C217357595,344373.74,198151.24,0,0
143,PAYMENT,12672.11,C1248344699,0.0,0.0,M172050372,0.0,0.0,0,0
22,PAYMENT,5599.2,C223232002,9907.0,4307.8,M1887172663,0.0,0.0,0,0
424,CASH_OUT,5475018.52,C145448061,5475018.52,0.0,C1034609594,205724.59,5680743.11,1,0
374,CASH_IN,173475.03,C246213605,206145.0,379620.03,C437613983,5211974.04,5038499.01,0,0
36,PAYMENT,11519.01,C2013798467,5562.0,0.0,M512640446,0.0,0.0,0,0
540,CASH_OUT,332819.79,C2051633832,50692.0,0.0,C1198911758,229805.43,562625.22,0,0
612,PAYMENT,12952.37,C740261660,344476.29,331523.91,M1114178313,0.0,0.0,0,0
271,CASH_OUT,1621056.88,C168076174,1621056.88,0.0,C735369165,511091.84,2132148.72,1,0
142,CASH_OUT,69980.61,C139024294,0.0,0.0,C2001113476,8750717.57,8820698.18,0,0
392,TRANSFER,92001.22,C1206556898,92001.22,0.0,C856589139,0.0,0.0,1,0
13,CASH_IN,21479.21,C839972361,305283.0,326762.21,C1134883945,6574469.98,6552990.77,0,0
298,CASH_IN,61797.31,C376537313,2200089.8,2261887.11,C1685136676,961051.64,899254.33,0,0
567,CASH_OUT,1839972.36,C111188799,1839972.36,0.0,C493262477,172909.36,2012881.72,1,0
307,PAYMENT,15711.12,C1570141192,0.0,0.0,M913046054,0.0,0.0,0,0
9,CASH_OUT,2358.54,C836590290,4034.99,1676.45,C1551726886,3466.0,0.0,0,0
232,TRANSFER,33302.96,C1862192948,33302.96,0.0,C1146085253,0.0,0.0,1,0
374,CASH_OUT,280051.35,C2117037468,0.0,0.0,C1795711854,297243.4,577294.75,0,0
257,TRANSFER,77950.12,C514410833,0.0,0.0,C1446074856,2483812.01,2561762.12,0,0
372,PAYMENT,16479.35,C400209292,0.0,0.0,M1463172000,0.0,0.0,0,0
11,PAYMENT,10614.71,C73488269,0.0,0.0,M45290216,0.0,0.0,0,0
407,DEBIT,2813.45,C1027505221,91258.0,88444.55,C92868048,656546.63,659360.09,0,0
40,PAYMENT,5255.99,C1350508531,0.0,0.0,M2034055070,0.0,0.0,0,0
173,CASH_OUT,8594499.99,C1414061418,8594499.99,0.0,C161212060,188325.81,8782825.8,1,0
158,PAYMENT,11160.3,C1477758927,94559.0,83398.7,M1785909726,0.0,0.0,0,0
404,PAYMENT,2266.36,C1623551768,44365.79,42099.43,M1031979162,0.0,0.0,0,0
156,CASH_OUT,16910.95,C2007453277,0.0,0.0,C2128415145,76791.61,93702.55,0,0
355,CASH_IN,169621.52,C81385211,1389814.53,1559436.06,C113719164,2140804.58,1971183.06,0,0
140,CASH_OUT,241986.57,C605240983,0.0,0.0,C348865221,1301822.76,1543809.33,0,0
617,CASH_OUT,93507.81,C155560785,0.0,0.0,C560679430,100035.04,193542.85,0,0
282,PAYMENT,1229.51,C2111408644,8438.17,7208.66,M313530872,0.0,0.0,0,0
14,TRANSFER,193229.2,C1319404744,236652.04,43422.83,C1870258118,1473795.94,1667025.15,0,0
282,CASH_OUT,250335.6,C2141033867,0.0,0.0,C721283877,1663213.56,1913549.15,0,0
380,CASH_IN,268920.09,C31474302,12611995.95,12880916.04,C1070240722,10903331.47,10634411.38,0,0
630,TRANSFER,728256.03,C586820687,728256.03,0.0,C925691503,0.0,0.0,1,0
154,PAYMENT,17015.22,C2145865839,10924.0,0.0,M565084189,0.0,0.0,0,0
33,CASH_OUT,159880.99,C1380216979,9505.0,0.0,C266018888,6015720.55,6175601.54,0,0
227,CASH_OUT,191552.42,C2128948322,5837.0,0.0,C175908767,56088.08,247640.51,0,0
205,PAYMENT,4472.46,C832764061,11165.0,6692.54,M444435520,0.0,0.0,0,0
373,CASH_OUT,24387.3,C1516550633,0.0,0.0,C1743080728,46885.33,71272.63,0,0
254,CASH_IN,489406.93,C326860794,147163.0,636569.93,C774537030,2062438.73,1573031.81,0,0
185,PAYMENT,10281.34,C739719647,43472.0,33190.66,M472935949,0.0,0.0,0,0
210,PAYMENT,5043.03,C972924065,0.0,0.0,M2044887659,0.0,0.0,0,0
594,TRANSFER,278721.41,C910695173,0.0,0.0,C1950743525,863275.81,1141997.22,0,0
229,CASH_OUT,42464.73,C877174193,0.0,0.0,C1868845293,22425781.3,22468246.02,0,0
33,CASH_OUT,214975.9,C6796051,214975.9,0.0,C677541710,152331.28,374513.69,1,0
694,CASH_OUT,8980853.88,C822799769,8980853.88,0.0,C2068912679,50532.12,9031386.0,1,0
206,CASH_OUT,41128.42,C1881378043,20664.0,0.0,C1141119286,496520.75,537649.18,0,0
298,CASH_OUT,40043.74,C1344634344,40043.74,0.0,C1675764449,1462828.02,1502871.76,1,0
466,CASH_OUT,584376.5,C1961474539,0.0,0.0,C1694111240,2652662.78,3237039.27,0,0
330,PAYMENT,2810.31,C1778114989,58379.0,55568.69,M1590550570,0.0,0.0,0,0
236,PAYMENT,3859.5,C983938943,822.0,0.0,M356078021,0.0,0.0,0,0
613,CASH_OUT,980310.0,C12592309,980310.0,0.0,C1599619333,0.0,980310.0,1,0
299,CASH_OUT,46566.85,C1938237357,4038.0,0.0,C1127998663,56175.42,102742.27,0,0
635,TRANSFER,438394.67,C1982875567,438394.67,0.0,C458044692,0.0,0.0,1,0
254,PAYMENT,5784.96,C274888361,298139.0,292354.04,M1904412063,0.0,0.0,0,0
253,PAYMENT,18937.35,C707553245,20728.0,1790.65,M1756372895,0.0,0.0,0,0
163,PAYMENT,9754.64,C2103215575,0.0,0.0,M2131042900,0.0,0.0,0,0
34,CASH_OUT,428239.03,C1057589740,428239.03,0.0,C511164301,293130.02,1456009.92,1,0
533,CASH_OUT,1303029.52,C393618449,1303029.52,0.0,C1976403391,522143.94,1825173.47,1,0
149,TRANSFER,155534.95,C1706545542,155534.95,0.0,C2068537951,0.0,0.0,1,0
251,CASH_OUT,141912.05,C1466459116,0.0,0.0,C1197438846,3634616.7,3776528.75,0,0
256,PAYMENT,988.46,C1952962764,0.0,0.0,M1692970025,0.0,0.0,0,0
15,CASH_OUT,98860.6,C1038460807,16215.0,0.0,C216148339,2375204.59,2474065.18,0,0
279,CASH_OUT,60867.72,C1594572636,480.0,0.0,C1648110756,31708.43,92576.15,0,0
346,CASH_OUT,32623.73,C1828489877,0.0,0.0,C1160131570,1249764.04,1282387.76,0,0
18,CASH_OUT,296158.26,C1886552206,147665.0,0.0,C1235914809,336004.48,632162.74,0,0
139,CASH_OUT,116958.69,C872181150,10441.0,0.0,C927276325,188604.82,305563.51,0,0
374,PAYMENT,11593.88,C632398624,0.0,0.0,M1213548264,0.0,0.0,0,0
38,CASH_OUT,483789.78,C42230077,0.0,0.0,C1584679361,911550.76,1395340.55,0,0
203,CASH_OUT,86302.55,C1328339025,0.0,0.0,C10225564,194181.93,280484.48,0,0
284,PAYMENT,32001.08,C1062408184,0.0,0.0,M2006731023,0.0,0.0,0,0
309,PAYMENT,14265.74,C1453380727,41516.58,27250.84,M1832761292,0.0,0.0,0,0
690,CASH_IN,572771.3,C864043198,12272.0,585043.3,C871597759,16848.46,0.0,0,0
236,PAYMENT,1663.16,C2038318621,0.0,0.0,M1891517611,0.0,0.0,0,0
20,CASH_IN,149671.65,C1185231406,10941673.91,11091345.56,C1654535936,263999.18,114327.53,0,0
466,TRANSFER,230806.85,C549647828,230806.85,0.0,C13373079,0.0,0.0,1,0
164,TRANSFER,1911316.87,C1337037239,0.0,0.0,C1677024069,2239550.62,5548427.71,0,0
159,CASH_IN,315185.49,C173480590,100635.0,415820.49,C1470978936,0.0,0.0,0,0
159,CASH_IN,110161.84,C24217614,198016.0,308177.84,C1845468387,0.0,0.0,0,0
332,PAYMENT,9514.19,C1344984531,11292.0,1777.81,M1376959668,0.0,0.0,0,0
34,CASH_OUT,100028.16,C1596424533,0.0,0.0,C26341815,781240.43,881268.59,0,0
205,CASH_OUT,9962.48,C1961533524,141413.0,131450.52,C565491377,0.0,9962.48,0,0
329,CASH_IN,73178.16,C1714857560,77893.0,151071.16,C1282950695,325377.2,252199.04,0,0
408,CASH_OUT,262091.33,C2062058711,0.0,0.0,C2107867730,976964.83,1239056.16,0,0
33,CASH_IN,237114.91,C952685031,51598.0,288712.91,C72051474,161861.79,0.0,0,0
401,CASH_IN,62068.45,C1899781116,142.0,62210.45,C212135699,0.0,0.0,0,0
724,TRANSFER,309488.9,C296795076,309488.9,0.0,C658980177,0.0,0.0,1,0
158,TRANSFER,171456.83,C970953721,171456.83,0.0,C574361249,0.0,0.0,1,0
226,CASH_IN,197477.56,C33293116,7585899.11,7783376.67,C139287459,691321.58,674534.43,0,0
233,CASH_IN,133940.94,C846917289,191715.82,325656.76,C1442273129,437142.09,303201.15,0,0
11,CASH_OUT,124588.07,C1793364684,15974.0,0.0,C871434232,0.0,124588.07,0,0
355,CASH_IN,22859.0,C1841281918,108.0,22967.0,C1194612798,1901692.58,1878833.58,0,0
211,CASH_OUT,77724.92,C452605260,39793.0,0.0,C902382898,3289.29,81014.2,0,0
404,PAYMENT,9437.87,C127489475,0.0,0.0,M1966662244,0.0,0.0,0,0
283,CASH_OUT,322794.12,C1569003464,30237.0,0.0,C406655496,73969.58,396763.7,0,0
254,PAYMENT,23411.85,C56253287,10379.0,0.0,M197149716,0.0,0.0,0,0
43,CASH_OUT,113246.21,C1570127521,0.0,0.0,C254546355,9767340.84,9886225.26,0,0
227,CASH_OUT,265474.96,C2140704373,24497.0,0.0,C416691203,0.0,265474.96,0,0
256,TRANSFER,1469054.34,C1942925499,0.0,0.0,C256125761,8147430.22,9527540.82,0,0
274,CASH_OUT,7336.41,C127909760,148535.19,141198.78,C706692169,3813312.82,3820649.23,0,0
140,CASH_OUT,90269.25,C1422027241,0.0,0.0,C1433448253,161942.36,92178.12,0,0
130,CASH_OUT,156393.38,C1583566616,0.0,0.0,C978851511,315906.04,472299.42,0,0
406,PAYMENT,22937.28,C563043706,196664.0,173726.72,M1687504011,0.0,0.0,0,0
57,TRANSFER,354441.19,C829975560,354441.19,0.0,C157107660,0.0,0.0,1,0
208,TRANSFER,63876.14,C457308370,0.0,0.0,C281334249,326388.11,390264.25,0,0
39,PAYMENT,36427.94,C2087846348,0.0,0.0,M1521747300,0.0,0.0,0,0
284,CASH_OUT,118329.18,C1532000641,11627.0,0.0,C805758849,228443.35,346772.53,0,0
646,TRANSFER,10000000.0,C19004745,10399045.08,10399045.08,C1806199534,0.0,0.0,1,1
349,CASH_OUT,252994.91,C1343248988,0.0,0.0,C534836089,1389673.75,1642668.66,0,0
254,CASH_OUT,401802.93,C1891837983,625.0,0.0,C729237485,0.0,401802.93,0,0
135,PAYMENT,6668.35,C506691742,0.0,0.0,M1346014728,0.0,0.0,0,0
257,CASH_OUT,6708.89,C1618025711,24974.0,18265.11,C1897131897,83478.22,166060.84,0,0
138,PAYMENT,15155.79,C2134582400,0.0,0.0,M77397286,0.0,0.0,0,0
235,PAYMENT,22654.25,C933203510,536053.0,513398.75,M99576536,0.0,0.0,0,0
205,TRANSFER,216179.15,C1863683348,216179.15,0.0,C1011918912,0.0,0.0,1,0
370,PAYMENT,3247.95,C2041634760,447.0,0.0,M1183689978,0.0,0.0,0,0
329,PAYMENT,3887.92,C406074102,26090.29,22202.36,M2030974889,0.0,0.0,0,0
355,PAYMENT,4415.82,C1656889826,25957.77,21541.95,M27900862,0.0,0.0,0,0
374,PAYMENT,26727.59,C25661585,0.0,0.0,M2006613195,0.0,0.0,0,0
211,CASH_OUT,45011.55,C28042062,9612.0,0.0,C1874692231,7980825.86,8025837.41,0,0
207,CASH_OUT,27960.23,C1793712760,20539.0,0.0,C813714130,54178.47,82138.7,0,0
394,PAYMENT,14497.31,C1871655082,13825.78,0.0,M317515852,0.0,0.0,0,0
307,TRANSFER,2343696.85,C692748109,2343696.85,0.0,C145912882,0.0,0.0,1,0
233,CASH_OUT,177822.68,C1232999981,107066.0,0.0,C1831203594,1653356.32,1831179.01,0,0
404,PAYMENT,11151.42,C668043581,15723.0,4571.58,M1124011167,0.0,0.0,0,0
233,CASH_OUT,6681.84,C636595091,0.0,0.0,C226352497,766284.42,772966.26,0,0
398,CASH_IN,213466.26,C877383018,512723.81,726190.07,C1702087892,296174.04,82707.78,0,0
346,CASH_IN,321243.21,C1895814814,9106.0,330349.21,C1876700741,0.0,0.0,0,0
18,CASH_IN,31668.12,C456839884,10310.0,41978.12,C456278962,805946.22,975655.8,0,0
253,DEBIT,62537.62,C2129604113,10822.0,0.0,C1306057594,399642.44,462180.06,0,0
210,CASH_OUT,106380.85,C632658500,99532.0,0.0,C617454737,116960.73,223341.58,0,0
189,TRANSFER,279922.32,C1990185058,20618.0,0.0,C1494775359,2393390.52,2673312.83,0,0
8,CASH_OUT,201899.37,C1463384604,0.0,0.0,C1247600089,4874307.49,6965916.76,0,0
254,PAYMENT,24238.63,C932237799,11701.68,0.0,M1698258208,0.0,0.0,0,0
331,CASH_OUT,26428.69,C1734959242,0.0,0.0,C1223322439,1508481.78,1534910.48,0,0
44,CASH_OUT,101769.01,C339039046,0.0,0.0,C945212786,746902.17,848671.18,0,0
169,CASH_OUT,19244.9,C1410307167,19244.9,0.0,C941219258,264512.88,283757.78,1,0
347,CASH_IN,223434.25,C1616531647,106134.0,329568.25,C88417664,106952.76,0.0,0,0
136,PAYMENT,14522.07,C202071177,489319.38,474797.31,M471033283,0.0,0.0,0,0
330,CASH_OUT,125882.05,C1365257962,30893.0,0.0,C2048412485,2020830.27,2146712.32,0,0
308,PAYMENT,13032.16,C450780376,8101.0,0.0,M1242602831,0.0,0.0,0,0
178,CASH_OUT,925579.57,C1205909462,925579.57,0.0,C1728982613,2147930.24,3073509.81,1,0
582,TRANSFER,781988.85,C646587946,781988.85,0.0,C1426895610,0.0,0.0,1,0
314,PAYMENT,5669.98,C1347587110,55145.0,49475.02,M1265761681,0.0,0.0,0,0
209,CASH_OUT,92448.27,C934691962,476.0,0.0,C1358869827,120762.01,213210.28,0,0
262,PAYMENT,3978.57,C962436376,101381.0,97402.43,M1453369936,0.0,0.0,0,0
297,CASH_IN,133719.89,C596045448,4912386.43,5046106.32,C901572403,491822.73,358102.84,0,0
399,PAYMENT,21039.07,C2130108501,0.0,0.0,M640530169,0.0,0.0,0,0
188,PAYMENT,2251.02,C2066119136,0.0,0.0,M209561546,0.0,0.0,0,0
274,CASH_OUT,226554.89,C323630340,375.0,0.0,C79446183,1188874.83,1415429.71,0,0
590,CASH_OUT,74453.73,C200007900,15541.0,0.0,C1752890874,800435.1,874888.82,0,0
258,PAYMENT,44451.04,C1995003086,0.0,0.0,M1838411636,0.0,0.0,0,0
356,CASH_OUT,102054.83,C1958129300,0.0,0.0,C1946418764,1199437.94,1301492.77,0,0
209,PAYMENT,4698.51,C670004119,49763.0,45064.49,M1253018948,0.0,0.0,0,0
72,TRANSFER,8594065.09,C1801750044,8594065.09,0.0,C1420708952,0.0,0.0,1,0
17,PAYMENT,10710.19,C1961318420,202175.0,191464.81,M1584718737,0.0,0.0,0,0
395,CASH_OUT,333148.88,C2000288478,38459.0,0.0,C1350251669,1186749.88,1519898.75,0,0
19,CASH_OUT,222609.78,C1501173600,33073.0,0.0,C1340802423,64038.14,286647.91,0,0
303,CASH_OUT,46661.03,C1141903613,0.0,0.0,C97290604,1054377.52,1101038.55,0,0
130,CASH_IN,149512.14,C14635379,345516.59,495028.73,C1673666771,324628.42,175116.28,0,0
688,CASH_OUT,92680.32,C671299598,0.0,0.0,C309666074,557525.42,650205.74,0,0
302,PAYMENT,11428.03,C1500809434,0.0,0.0,M646640615,0.0,0.0,0,0
351,CASH_OUT,208905.91,C1454800072,0.0,0.0,C1033802544,1464457.79,1673363.7,0,0
398,CASH_OUT,489944.93,C194088609,489944.93,0.0,C1786318719,297207.53,787152.46,1,0
704,CASH_OUT,391855.44,C1221041967,391855.44,0.0,C2055287072,236228.52,628083.96,1,0
161,PAYMENT,23938.56,C1606534371,136370.0,112431.44,M398554247,0.0,0.0,0,0
356,CASH_IN,299054.43,C2028437712,785.0,299839.43,C173950368,1011427.71,712373.28,0,0
403,CASH_IN,108891.04,C1911903332,64053.0,172944.04,C1491561857,777992.59,669101.54,0,0
380,CASH_OUT,105435.9,C486423101,0.0,0.0,C568884855,210998.14,316434.04,0,0
219,TRANSFER,2312944.11,C1091954556,2312944.11,0.0,C2120902044,0.0,0.0,1,0
217,PAYMENT,3373.23,C943203960,20054.0,16680.77,M190619130,0.0,0.0,0,0
684,TRANSFER,474493.7,C1306621988,0.0,0.0,C297531378,3398314.1,3872807.8,0,0
379,TRANSFER,458240.29,C1047246847,136024.0,0.0,C570668175,412430.53,976548.96,0,0
14,CASH_OUT,360973.97,C2047425919,0.0,0.0,C91152114,1161561.69,1559980.6,0,0
355,CASH_OUT,226177.91,C1854005227,0.0,0.0,C1249344935,3165972.46,3392150.37,0,0
257,CASH_IN,147363.59,C1166129354,197025.0,344388.59,C1641358864,8376057.78,8228694.19,0,0
121,TRANSFER,1407592.71,C540858747,55541.64,0.0,C936564798,3091596.8,4499189.52,0,0
228,TRANSFER,1131250.12,C1720493241,1072.0,0.0,C2106740657,0.0,1131250.12,0,0
402,CASH_IN,288286.34,C1974220995,19598.0,307884.34,C1494743818,486464.86,198178.52,0,0
203,CASH_IN,39729.08,C1676895647,6360330.11,6400059.19,C1793288038,1098197.02,1058467.93,0,0
189,PAYMENT,4463.3,C685038424,0.0,0.0,M1018970250,0.0,0.0,0,0
17,CASH_OUT,200075.06,C978581981,0.0,0.0,C1566849174,440013.34,712481.16,0,0
133,CASH_OUT,166154.22,C2011906985,0.0,0.0,C1248839266,938439.45,1104593.67,0,0
15,CASH_OUT,143420.74,C1485020419,69060.06,0.0,C646957578,4072187.32,4215608.07,0,0
158,PAYMENT,12021.05,C1588354659,200135.0,188113.95,M2079609905,0.0,0.0,0,0
542,PAYMENT,11185.66,C418351761,86254.64,75068.98,M1695995915,0.0,0.0,0,0
369,CASH_OUT,168806.64,C1592467736,26997.0,0.0,C1579405130,17422.36,186229.0,0,0
331,CASH_OUT,14587.85,C1593893267,8345.0,0.0,C2103069560,0.0,0.0,0,0
651,TRANSFER,2935952.76,C135132555,2935952.76,0.0,C409217818,0.0,0.0,1,0
237,CASH_IN,69309.56,C1431827961,217173.0,286482.56,C255594275,222423.01,153113.45,0,0
62,TRANSFER,407833.62,C1585122257,407833.62,0.0,C645113065,0.0,0.0,1,0
213,CASH_OUT,33414.36,C1000036527,24180.0,0.0,C1965413720,568256.0,601670.36,0,0
346,TRANSFER,3209420.44,C1028032977,0.0,0.0,C787530273,14795485.42,18004905.87,0,0
209,PAYMENT,4089.61,C2053426445,30148.0,26058.39,M1038643704,0.0,0.0,0,0
185,CASH_OUT,182610.39,C445938922,10068.0,0.0,C1436697262,1362931.29,1545541.67,0,0
311,PAYMENT,683.72,C413399564,274.0,0.0,M463009210,0.0,0.0,0,0
427,TRANSFER,59749.28,C1200211692,59749.28,0.0,C1441368122,0.0,0.0,1,0
257,CASH_OUT,349500.28,C1673937029,122443.0,0.0,C1417729679,373899.73,723400.0,0,0
225,PAYMENT,9344.05,C1880442594,392.0,0.0,M2090102016,0.0,0.0,0,0
330,CASH_IN,119250.84,C1369682259,1828886.87,1948137.71,C1118959972,734808.27,615557.43,0,0
188,CASH_IN,94143.3,C520470687,7360625.94,7454769.24,C433040341,609234.22,515090.92,0,0
619,CASH_OUT,119728.22,C637328139,0.0,0.0,C123170564,983430.14,1103158.36,0,0
489,TRANSFER,101081.12,C289774611,101081.12,0.0,C359505480,0.0,0.0,1,0
355,CASH_OUT,883366.69,C149173089,883366.69,0.0,C504582825,2029536.87,2912903.56,1,0
9,CASH_IN,396615.55,C1715504020,92182.0,488797.55,C1573609142,158511.62,0.0,0,0
241,TRANSFER,989966.55,C351713185,989966.55,0.0,C775439776,0.0,0.0,1,0
487,TRANSFER,1610110.66,C56372848,1610110.66,0.0,C583505603,0.0,0.0,1,0
692,CASH_OUT,46072.33,C1532133480,46072.33,0.0,C1174357565,813867.62,859939.95,1,0
275,TRANSFER,497949.78,C14320596,0.0,0.0,C794914894,1892286.56,2390236.34,0,0
308,CASH_IN,53972.09,C462133921,3937566.0,3991538.09,C85754794,1295491.52,1241519.44,0,0
283,CASH_OUT,85096.59,C2034710230,0.0,0.0,C299526132,191507.29,276603.88,0,0
136,TRANSFER,199878.85,C652728063,199878.85,0.0,C1111932941,0.0,0.0,1,0
718,CASH_OUT,10000000.0,C1049094143,10000000.0,0.0,C1023840891,2517892.18,12517892.18,1,0
594,CASH_OUT,46208.94,C1189926503,102985.0,56776.06,C2141979445,0.0,46208.94,0,0
164,PAYMENT,25763.69,C949787816,15858.0,0.0,M139857681,0.0,0.0,0,0
336,CASH_IN,121209.73,C578952604,8782402.87,8903612.61,C1662187687,1827567.64,1706357.91,0,0
253,TRANSFER,744520.66,C1411560039,0.0,0.0,C352390088,1775096.74,2519617.41,0,0
234,CASH_OUT,68401.79,C6753509,0.0,0.0,C938182311,5260030.18,5328431.97,0,0
137,CASH_OUT,162666.04,C1639128801,20025.0,0.0,C1465331252,0.0,162666.04,0,0
210,CASH_OUT,16984.37,C1653503860,355021.0,338036.63,C1567178668,351992.35,368976.72,0,0
133,CASH_IN,85340.19,C181962744,7044.0,92384.19,C1122429138,21784.54,0.0,0,0
182,CASH_OUT,166323.01,C1095268826,166323.01,0.0,C1721762273,0.0,166323.01,1,0
332,CASH_OUT,179966.97,C485566827,210218.61,30251.64,C519829628,2161026.44,2340993.41,0,0
204,CASH_OUT,339404.19,C319339133,14070.96,0.0,C96791262,7032489.99,7371894.17,0,0
132,CASH_OUT,75363.35,C1321946244,199866.0,124502.65,C1447510206,208928.69,408665.82,0,0
94,PAYMENT,2620.61,C2076757002,19840.0,17219.39,M1237952273,0.0,0.0,0,0
234,CASH_OUT,390488.5,C1345401574,0.0,0.0,C1524916989,1078527.13,1469015.63,0,0
35,CASH_OUT,3606943.31,C1011490419,3606943.31,0.0,C1919783086,0.0,3606943.31,1,0
647,CASH_OUT,1517771.48,C375476201,1517771.48,0.0,C1907987459,161843.29,1679614.77,1,0
533,CASH_OUT,18042.11,C473271936,18042.11,0.0,C356431385,135951.5,153993.61,1,0
37,CASH_OUT,282639.56,C1281371844,50821.0,0.0,C765454000,906702.42,1189341.98,0,0
349,TRANSFER,707208.62,C2080727348,0.0,0.0,C1476600264,4375865.41,5083074.03,0,0
371,CASH_OUT,150785.63,C1998207940,31.0,0.0,C1514896989,0.0,150785.63,0,0
673,CASH_OUT,888905.27,C1419832653,888905.27,0.0,C471935282,220392.44,1109297.71,1,0
324,CASH_IN,109483.89,C1956427956,12172031.96,12281515.85,C1306281996,109576.77,92.87,0,0
42,TRANSFER,262543.27,C483396507,0.0,0.0,C1422584540,1658647.39,1921190.66,0,0
159,CASH_OUT,290853.73,C1712233233,14591.0,0.0,C943087825,289390.77,580244.5,0,0
399,TRANSFER,1151797.61,C219883414,0.0,0.0,C1741187453,8164981.41,9316779.02,0,0
299,CASH_OUT,465540.16,C2014639380,0.0,0.0,C478084138,1548825.9,2014366.06,0,0
232,PAYMENT,10600.95,C1662293931,147.0,0.0,M241773486,0.0,0.0,0,0
279,CASH_OUT,174536.02,C190344043,0.0,0.0,C1358630284,199962.27,374498.29,0,0
14,TRANSFER,2093951.47,C1374377088,2093951.47,0.0,C207611232,0.0,0.0,1,0
234,CASH_OUT,106094.59,C1695846968,0.0,0.0,C442677596,2554928.36,2661022.95,0,0
297,CASH_IN,483743.12,C1720146713,534021.0,1017764.12,C2135406237,1995877.64,1512134.52,0,0
8,CASH_OUT,68721.65,C543545878,2412041.49,2343319.85,C1298314970,221821.15,0.0,0,0
20,CASH_OUT,16614.82,C530844914,16614.82,0.0,C1614121155,904409.29,921024.11,1,0
250,CASH_OUT,310716.29,C1534822905,11155.0,0.0,C1201672271,6384299.07,6695015.35,0,0
327,CASH_IN,15769.01,C1909847458,430.0,16199.01,C2063076794,0.0,0.0,0,0
268,CASH_OUT,1070857.97,C1513064965,1070857.97,0.0,C1686203571,0.0,1070857.97,1,0
404,CASH_OUT,373322.87,C1753472917,373322.87,0.0,C101978061,112234.04,485556.91,1,0
502,CASH_OUT,73051.02,C257009232,73051.02,0.0,C2051261530,6049.33,79100.35,1,0
349,CASH_IN,126701.57,C1183125470,76849.0,203550.57,C1612104017,0.0,0.0,0,0
12,TRANSFER,1558494.1,C1831096654,31324.0,0.0,C842110560,518282.24,2064513.95,0,0
259,CASH_IN,13064.73,C491594356,17912.0,30976.73,C1212628590,0.0,0.0,0,0
215,CASH_OUT,319887.08,C765034168,319887.08,0.0,C523904186,1373212.48,1693099.57,1,0
590,CASH_IN,94447.3,C1596726663,6119090.29,6213537.59,C376660358,270236.89,175789.59,0,0
259,PAYMENT,9705.69,C390823419,168189.22,158483.53,M465612313,0.0,0.0,0,0
299,PAYMENT,14252.35,C189051495,0.0,0.0,M1616839047,0.0,0.0,0,0
8,CASH_IN,73722.49,C860780089,6759283.71,6833006.21,C1210002123,763286.15,866080.52,0,0
279,TRANSFER,737016.55,C798092231,105024.0,0.0,C864526509,92784.17,829800.72,0,0
617,PAYMENT,2649.75,C24120810,0.0,0.0,M693515996,0.0,0.0,0,0
329,PAYMENT,50863.64,C723652067,202594.0,151730.36,M435605868,0.0,0.0,0,0
356,PAYMENT,21619.36,C1834481795,260339.0,238719.64,M604632040,0.0,0.0,0,0
326,PAYMENT,10361.36,C1652562110,20895.0,10533.64,M977910087,0.0,0.0,0,0
161,PAYMENT,4679.0,C1132964596,43397.84,38718.83,M1231730754,0.0,0.0,0,0
719,TRANSFER,1842163.57,C445994670,1842163.57,0.0,C2123813082,0.0,0.0,1,0
256,CASH_OUT,188350.94,C1344856243,0.0,0.0,C583752856,1993758.64,2182109.58,0,0
380,CASH_IN,474.41,C1813640277,136.0,610.41,C927203615,327488.54,327014.13,0,0
355,PAYMENT,12068.68,C1680146593,0.0,0.0,M1522132910,0.0,0.0,0,0
405,CASH_IN,278980.77,C1566149803,783856.55,1062837.32,C1548848159,1147946.51,868965.74,0,0
401,PAYMENT,19562.89,C778040832,38560.0,18997.11,M1598357397,0.0,0.0,0,0
284,CASH_OUT,6254.11,C287252205,988.0,0.0,C2071110632,0.0,6254.11,0,0
397,PAYMENT,25332.29,C1033070844,25158.0,0.0,M1715116877,0.0,0.0,0,0
300,CASH_IN,27326.61,C725372813,495023.0,522349.61,C1217358061,869133.82,841807.21,0,0
174,CASH_OUT,31045.76,C1595490244,31045.76,0.0,C750943234,2081308.37,2112354.13,1,0
189,CASH_OUT,2339743.18,C1675131101,2339743.18,0.0,C550055858,0.0,2339743.18,1,0
9,CASH_OUT,359570.73,C196799432,34824.0,0.0,C114720259,0.0,359570.73,0,0
319,TRANSFER,1033878.67,C2083698154,1033878.67,0.0,C22852055,0.0,0.0,1,0
377,TRANSFER,207073.92,C691348755,0.0,0.0,C744809857,609803.84,816877.76,0,0
403,CASH_IN,163498.16,C1971771710,54631.0,218129.16,C626397110,0.0,0.0,0,0
255,PAYMENT,6144.3,C1255094254,0.0,0.0,M13588509,0.0,0.0,0,0
257,CASH_IN,190370.31,C1559227283,15285500.88,15475871.19,C1854337579,454391.06,264020.75,0,0
230,CASH_IN,28803.74,C644476948,15795995.57,15824799.31,C1456856698,33052.31,4248.57,0,0
625,TRANSFER,2480321.85,C1189052930,2480321.85,0.0,C1217650717,0.0,0.0,1,0
10,CASH_OUT,59011.98,C876063259,0.0,0.0,C1210504430,2541847.11,2600859.09,0,0
398,PAYMENT,2550.2,C53574147,0.0,0.0,M1743089510,0.0,0.0,0,0
284,PAYMENT,145.97,C630740725,2676.06,2530.1,M1861972077,0.0,0.0,0,0
401,CASH_OUT,288780.43,C1464079792,3322.0,0.0,C1586387680,0.0,288780.43,0,0
404,TRANSFER,15799.5,C1456110127,20404.0,4604.5,C1631632931,0.0,15799.5,0,0
373,PAYMENT,30745.39,C916804304,21590.0,0.0,M642721353,0.0,0.0,0,0
161,CASH_IN,98965.1,C1604231561,50648.43,149613.53,C1873687980,39365.67,0.0,0,0
356,CASH_IN,428770.31,C1338384253,24757.0,453527.31,C1247219739,0.0,0.0,0,0
312,CASH_OUT,6580427.81,C511307813,6580427.81,0.0,C377087678,0.0,6580427.81,1,0
381,CASH_OUT,130053.64,C443440232,0.0,0.0,C1449800937,456514.56,586568.2,0,0
249,TRANSFER,38036.91,C1225959038,329999.0,291962.09,C718416302,566643.88,604680.79,0,0
43,PAYMENT,44.01,C858829177,27326.0,27281.99,M286787031,0.0,0.0,0,0
282,TRANSFER,403176.92,C1936720232,0.0,0.0,C669771073,12385754.42,12788931.34,0,0
182,CASH_IN,333439.52,C1176592434,445859.0,779298.52,C1589422208,667790.09,334350.57,0,0
329,TRANSFER,798334.07,C1883460096,0.0,0.0,C1887843912,3499535.87,4297869.94,0,0
229,CASH_OUT,48011.51,C1714288166,7383.0,0.0,C1790191879,133031.69,181043.2,0,0
349,CASH_OUT,464100.65,C1782204514,155418.0,0.0,C1435927706,1494732.01,1958832.66,0,0
93,PAYMENT,9471.25,C1898199832,142435.0,132963.75,M1229451518,0.0,0.0,0,0
163,PAYMENT,1166.88,C120294115,0.0,0.0,M1200156233,0.0,0.0,0,0
354,CASH_IN,284976.21,C178902716,469.0,285445.21,C1712664272,706863.41,421887.2,0,0
331,CASH_OUT,224393.99,C1816137445,31909.0,0.0,C1481768444,0.0,224393.99,0,0
684,CASH_OUT,264842.37,C221834912,12482.0,0.0,C1863403944,877397.99,1142240.37,0,0
250,CASH_OUT,198956.46,C718552534,0.0,0.0,C917091212,1624209.92,1823166.38,0,0
308,TRANSFER,64783.51,C9088067,0.0,0.0,C248258642,376693.71,441477.22,0,0
665,TRANSFER,2799902.39,C691812309,2799902.39,0.0,C469925272,0.0,0.0,1,0
140,CASH_IN,142278.4,C104926306,1805376.46,1947654.86,C1056253635,2377693.55,2235415.15,0,0
185,PAYMENT,19197.09,C2115353955,0.0,0.0,M505735335,0.0,0.0,0,0
492,PAYMENT,2327.01,C1967663245,0.0,0.0,M1894791266,0.0,0.0,0,0
544,PAYMENT,10795.29,C1710122318,0.0,0.0,M1446827909,0.0,0.0,0,0
187,PAYMENT,2972.72,C1285623221,21444.0,18471.28,M856465400,0.0,0.0,0,0
22,PAYMENT,7587.2,C64192496,51004.0,43416.8,M270563163,0.0,0.0,0,0
475,CASH_OUT,9511.69,C1550140499,9511.69,0.0,C119015629,745613.01,755124.7,1,0
283,CASH_IN,162694.51,C2094371568,1960511.41,2123205.92,C1851845449,366511.04,203816.52,0,0
603,TRANSFER,1263340.66,C670652368,1263340.66,0.0,C526059376,0.0,0.0,1,0
376,CASH_IN,301566.27,C74937882,6880.0,308446.27,C1785991763,932604.33,631038.06,0,0
546,CASH_OUT,29821.34,C1293137663,0.0,0.0,C443492789,46550.05,76371.39,0,0
308,CASH_OUT,61585.84,C791703050,445.0,0.0,C2071014880,728215.4,789801.24,0,0
183,PAYMENT,11103.4,C157481363,166537.52,155434.12,M954810601,0.0,0.0,0,0
331,CASH_OUT,28769.59,C507421447,131496.84,102727.26,C570892215,425842.16,759033.46,0,0
364,CASH_OUT,3116889.41,C1369312276,3116889.41,0.0,C584026670,226218.51,3343107.92,1,0
44,CASH_OUT,12559.63,C200628013,0.0,0.0,C423093419,1871311.76,1883871.39,0,0
396,CASH_IN,133641.63,C728457588,49589.0,183230.63,C820385160,18292.03,0.0,0,0
141,CASH_IN,532227.84,C1325592034,1009718.8,1541946.64,C1490699709,972830.82,440602.98,0,0
324,CASH_OUT,373193.15,C1938683130,46993.0,0.0,C288678560,4587520.5,4960713.65,0,0
137,CASH_OUT,165988.16,C1124637011,20714.0,0.0,C1113044758,0.0,165988.16,0,0
355,PAYMENT,2318.25,C867074324,0.0,0.0,M1329159685,0.0,0.0,0,0
525,PAYMENT,10198.67,C1371333169,0.0,0.0,M1610729290,0.0,0.0,0,0
10,PAYMENT,19435.6,C2035052488,125.0,0.0,M1075209008,0.0,0.0,0,0
306,PAYMENT,12196.06,C2086375264,0.0,0.0,M1173458829,0.0,0.0,0,0
164,PAYMENT,6330.73,C302971750,0.0,0.0,M337829865,0.0,0.0,0,0
209,PAYMENT,2439.97,C336834320,221040.0,218600.03,M900811694,0.0,0.0,0,0
353,CASH_IN,179299.8,C117184834,13863424.05,14042723.85,C1514716047,180364.59,1064.79,0,0
130,CASH_OUT,42608.67,C819689,0.0,0.0,C912121326,711594.51,754203.17,0,0
350,PAYMENT,10818.4,C783818901,0.0,0.0,M848021901,0.0,0.0,0,0
242,CASH_OUT,509985.31,C1144385106,509985.31,0.0,C2013070624,0.0,509985.31,1,0
325,CASH_OUT,102164.98,C1813503494,0.0,0.0,C132321458,150817.62,252982.6,0,0
592,CASH_OUT,280661.16,C518590005,2774.0,0.0,C775203848,0.0,280661.16,0,0
179,CASH_IN,324504.57,C394862225,19910.0,344414.57,C1451694401,100489.98,0.0,0,0
162,CASH_IN,143705.97,C1987594423,203101.0,346806.97,C369794660,319765.69,176059.72,0,0
15,PAYMENT,4415.11,C689774746,10427.0,6011.89,M845694200,0.0,0.0,0,0
43,CASH_OUT,26688.09,C192534442,0.0,0.0,C234655084,365453.7,392141.79,0,0
469,PAYMENT,12721.36,C1729529754,355044.0,342322.64,M1037871445,0.0,0.0,0,0
241,CASH_OUT,130861.94,C203872004,0.0,0.0,C1557979171,206267.07,337129.01,0,0
373,PAYMENT,1126.79,C1832484666,51353.0,50226.21,M1214754398,0.0,0.0,0,0
11,CASH_OUT,215987.36,C1846880495,0.0,0.0,C2036762590,3008449.26,3224436.62,0,0
326,CASH_OUT,48182.94,C1968320558,0.0,0.0,C144735900,259315.24,352015.34,0,0
396,CASH_IN,425602.75,C1052398732,1038.0,426640.75,C1051010247,150080.74,0.0,0,0
240,CASH_OUT,103949.5,C259198981,103949.5,0.0,C837253504,0.0,103949.5,1,0
205,CASH_OUT,137054.76,C1182841704,21884.0,0.0,C1706697820,0.0,137054.76,0,0
324,CASH_OUT,142771.51,C652315275,221035.42,78263.9,C1955746028,16906170.7,17048942.21,0,0
395,PAYMENT,1933.41,C1698028692,0.0,0.0,M1277623468,0.0,0.0,0,0
327,CASH_OUT,384071.23,C190006252,0.0,0.0,C1825775199,69199935.27,69584006.5,0,0
592,CASH_OUT,8608.52,C1788448123,0.0,0.0,C184885832,480575.57,489184.09,0,0
11,PAYMENT,15192.06,C1871667527,3445.0,0.0,M1299364961,0.0,0.0,0,0
13,TRANSFER,1462465.2,C38653515,55387.0,0.0,C1043378345,169892.18,1632357.38,0,0
213,PAYMENT,1259.56,C1597592323,0.0,0.0,M1249772486,0.0,0.0,0,0
404,CASH_IN,296243.39,C1962043312,21319.0,317562.39,C2005061905,0.0,0.0,0,0
282,CASH_OUT,118846.81,C1581065166,0.0,0.0,C1119825254,438182.24,557029.04,0,0
255,PAYMENT,7662.85,C1556919424,25009.0,17346.15,M1612671494,0.0,0.0,0,0
20,CASH_OUT,330038.09,C1059751539,0.0,0.0,C439749139,4569878.17,5465852.87,0,0
9,PAYMENT,25570.69,C1060512514,4571493.23,4545922.54,M164017867,0.0,0.0,0,0
354,CASH_OUT,305743.4,C1655939721,0.0,0.0,C1270959981,3586559.11,3892302.52,0,0
523,CASH_OUT,120598.96,C2047262761,120598.96,0.0,C997122049,1284199.46,1404798.42,1,0
222,CASH_OUT,35759.12,C2078657417,35759.12,0.0,C242153254,528553.38,564312.49,1,0
523,TRANSFER,25819.42,C1090051893,25819.42,0.0,C1403321467,0.0,0.0,1,0
379,TRANSFER,284000.25,C1797578392,284000.25,0.0,C27924334,0.0,0.0,1,0
205,CASH_IN,302759.77,C1835124570,359.0,303118.77,C713374290,394644.48,91884.71,0,0
322,PAYMENT,20401.68,C333737642,11042.0,0.0,M159988125,0.0,0.0,0,0
14,CASH_OUT,266117.16,C500855755,10701.0,0.0,C1734994489,460150.99,1122382.99,0,0
304,CASH_OUT,94198.28,C1047746389,0.0,0.0,C1118321858,1284893.56,1379091.84,0,0
185,PAYMENT,42838.54,C292786979,67700.03,24861.49,M1054532133,0.0,0.0,0,0
94,CASH_OUT,137264.63,C1883055499,0.0,0.0,C1583185174,2392879.49,2530144.12,0,0
472,TRANSFER,63440.63,C1431701654,63440.63,0.0,C906449417,0.0,0.0,1,0
60,TRANSFER,581421.85,C1021314422,581421.85,0.0,C2062695733,0.0,0.0,1,0
536,CASH_OUT,285382.07,C2026773227,285382.07,0.0,C1098688796,0.0,285382.07,1,0
94,CASH_IN,52460.66,C1242784223,32033298.36,32085759.02,C1627363444,3157886.48,3105425.82,0,0
18,TRANSFER,1102133.9,C590103740,1102133.9,0.0,C1610372134,0.0,746575.95,1,0
205,PAYMENT,3909.69,C775379299,10758.0,6848.31,M1615257038,0.0,0.0,0,0
275,CASH_IN,14232.71,C736557520,2818412.62,2832645.32,C1639345856,694644.17,680411.47,0,0
135,CASH_OUT,313021.94,C1934194323,5055.0,0.0,C1632357016,0.0,309724.42,0,0
250,CASH_IN,239355.77,C895363303,15497438.34,15736794.11,C459757865,668177.11,428821.34,0,0
256,PAYMENT,37189.21,C1445470382,0.0,0.0,M1296437017,0.0,0.0,0,0
329,TRANSFER,554955.35,C1327892308,0.0,0.0,C1382326459,2729796.46,3284751.81,0,0
164,TRANSFER,569709.96,C412769399,0.0,0.0,C1890125108,991265.5,1560975.46,0,0
257,PAYMENT,27015.5,C623429837,78382.39,51366.89,M393531390,0.0,0.0,0,0
184,CASH_IN,145211.18,C153826049,206003.0,351214.18,C213886423,0.0,0.0,0,0
428,PAYMENT,528.48,C1592240924,0.0,0.0,M963604563,0.0,0.0,0,0
186,PAYMENT,7718.62,C1027014545,712.0,0.0,M1489598907,0.0,0.0,0,0
33,CASH_IN,97632.76,C830160814,31145.0,128777.76,C146391438,22498.05,0.0,0,0
306,CASH_IN,186420.54,C1023261291,16936.0,203356.54,C2098437340,366003.34,179582.8,0,0
301,CASH_IN,388683.78,C1946947661,301664.8,690348.58,C1225309817,5095772.72,4707088.94,0,0
694,CASH_OUT,71729.96,C1502070032,71729.96,0.0,C2082391847,604151.3,675881.26,1,0
299,CASH_IN,51730.37,C1304051492,6101.0,57831.37,C78024316,3430788.22,3379057.86,0,0
196,TRANSFER,1221900.21,C983611149,1221900.21,0.0,C691637954,0.0,0.0,1,0
259,CASH_IN,93024.99,C573734953,962684.0,1055708.99,C1180766587,0.0,0.0,0,0
208,CASH_OUT,134861.82,C246939575,134861.82,0.0,C1715366511,0.0,134861.82,1,0
43,TRANSFER,1339854.66,C1904763420,14846.0,0.0,C180339895,775809.88,2115664.55,0,0
683,TRANSFER,1023246.05,C1889241399,10448.0,0.0,C565660918,100644.19,1123890.24,0,0
377,TRANSFER,1438385.33,C1483016114,0.0,0.0,C1093129590,3726924.23,5165309.55,0,0
227,CASH_OUT,783255.86,C276210641,0.0,0.0,C1641578755,1123775.81,1907031.68,0,0
155,TRANSFER,272562.47,C1128012930,109.0,0.0,C1073551537,0.0,272562.47,0,0
277,PAYMENT,3628.12,C1958546284,67181.62,63553.5,M1832065308,0.0,0.0,0,0
740,TRANSFER,748139.48,C1183186026,748139.48,0.0,C1620658775,0.0,0.0,1,0
9,PAYMENT,6159.07,C2122146136,15527.0,9367.93,M1058771654,0.0,0.0,0,0
289,PAYMENT,13659.6,C736003483,0.0,0.0,M2043308469,0.0,0.0,0,0
355,CASH_IN,112188.32,C1924562399,4427695.16,4539883.49,C269156396,323898.81,211710.48,0,0
321,PAYMENT,12555.85,C2142909639,0.0,0.0,M656956910,0.0,0.0,0,0
255,PAYMENT,152.32,C2048374044,92429.74,92277.42,M216191588,0.0,0.0,0,0
406,PAYMENT,13139.09,C418389104,9.92,0.0,M2100470968,0.0,0.0,0,0
398,CASH_OUT,392102.82,C970362857,7078.0,0.0,C883071236,0.0,392102.82,0,0
234,TRANSFER,328558.37,C37429239,20796.0,0.0,C1017493326,0.0,328558.37,0,0
227,TRANSFER,2987825.86,C2119036948,26867.8,0.0,C881476481,6088714.38,9076540.24,0,0
83,CASH_OUT,1534926.96,C341046619,1534926.96,0.0,C1149435896,0.0,1534926.96,1,0
45,TRANSFER,2824.72,C2072903688,0.0,0.0,C371917971,3458770.25,3461594.98,0,0
232,TRANSFER,575656.52,C2049936929,83133.0,0.0,C691864844,0.0,575656.52,0,0
161,CASH_OUT,158282.7,C1369401051,0.0,0.0,C855753178,618205.55,776488.25,0,0
354,CASH_OUT,5046.24,C1565972234,0.0,0.0,C116991039,1375649.83,1380696.08,0,0
564,TRANSFER,55828.87,C76954571,55828.87,0.0,C1263626792,0.0,0.0,1,0
179,CASH_OUT,94982.47,C1306879234,0.0,0.0,C1174137162,1208074.21,1303056.68,0,0
39,PAYMENT,1647.51,C1382304390,0.0,0.0,M999421265,0.0,0.0,0,0
178,PAYMENT,683.01,C1763837071,48616.0,47932.99,M2097325003,0.0,0.0,0,0
233,CASH_IN,52258.23,C805848929,70100.0,122358.23,C1582539916,0.0,0.0,0,0
163,CASH_IN,31977.54,C906611379,22460405.63,22492383.17,C1248407405,3956051.54,3924074.0,0,0
304,TRANSFER,10000000.0,C304843295,0.0,0.0,C1812715311,20138531.66,30172032.46,0,0
276,PAYMENT,3880.85,C1205745843,123020.92,119140.07,M326188514,0.0,0.0,0,0
733,TRANSFER,905919.58,C1435012203,905919.58,0.0,C450820106,0.0,0.0,1,0
396,CASH_OUT,118063.79,C2065036681,58112.0,0.0,C2146574412,0.0,118063.79,0,0
428,CASH_IN,53174.47,C1040628983,4268909.3,4322083.77,C1409172544,162669.67,109495.2,0,0
19,TRANSFER,188643.63,C421383232,0.0,0.0,C1932062101,1998958.22,1789794.08,0,0
12,CASH_OUT,74411.78,C1880099063,12361.0,0.0,C803933143,1051577.52,1632455.01,0,0
19,CASH_OUT,132716.52,C916442991,15986.0,0.0,C1684117787,0.0,132716.52,0,0
156,PAYMENT,17847.32,C1956681926,0.0,0.0,M615865325,0.0,0.0,0,0
284,CASH_IN,5572.76,C1596106331,21064.0,26636.76,C939168439,801728.92,796156.16,0,0
298,TRANSFER,689012.85,C1026582316,222863.37,0.0,C315571651,4264399.8,4953412.65,0,0
403,CASH_OUT,199327.79,C302489336,0.0,0.0,C494827114,3058247.9,3257575.69,0,0
8,PAYMENT,20208.31,C1693825819,86227.63,66019.33,M1561760795,0.0,0.0,0,0
378,CASH_OUT,314693.04,C1574793932,0.0,0.0,C936164455,748348.72,1063041.75,0,0
38,CASH_IN,73352.53,C1751202837,4038809.32,4112161.86,C1324591205,77796.75,4444.22,0,0
307,CASH_IN,233559.6,C266625070,372774.05,606333.65,C138707774,2538278.14,2304718.54,0,0
279,PAYMENT,4207.34,C2104376909,9034.0,4826.66,M1536321007,0.0,0.0,0,0
535,CASH_OUT,72878.02,C1080600836,72878.02,0.0,C1836993798,55093.16,127971.18,1,0
277,CASH_OUT,621387.64,C1236437797,621387.64,0.0,C1300584821,85132.75,706520.39,1,0
188,PAYMENT,2083.59,C2598806,0.0,0.0,M1460183294,0.0,0.0,0,0
101,TRANSFER,127905.82,C697159622,127905.82,0.0,C2008752241,0.0,0.0,1,0
47,PAYMENT,8768.36,C847423973,51736.0,42967.64,M227153277,0.0,0.0,0,0
109,TRANSFER,3523089.46,C1036579486,3523089.46,0.0,C1338642414,0.0,0.0,1,0
376,PAYMENT,572.27,C870643862,198.0,0.0,M688014164,0.0,0.0,0,0
20,PAYMENT,27035.29,C163831960,176.0,0.0,M2130168878,0.0,0.0,0,0
259,CASH_OUT,20836.15,C1189266508,44573.74,23737.59,C2089626405,45580.0,1039587.63,0,0
255,CASH_IN,481721.71,C1872140541,392335.36,874057.07,C976382081,2398419.65,1916697.94,0,0
19,CASH_IN,25694.5,C329538432,505711.92,531406.42,C1225987265,3393757.94,3368063.44,0,0
141,CASH_OUT,92456.64,C550243648,0.0,0.0,C1716089529,1850908.86,1943365.5,0,0
332,PAYMENT,3488.34,C606432655,0.0,0.0,M1312240424,0.0,0.0,0,0
294,TRANSFER,70173.64,C1106741895,70173.64,0.0,C453454325,0.0,0.0,1,0
39,TRANSFER,755324.03,C770560791,208797.61,0.0,C2064279834,6028435.11,6783759.14,0,0
207,CASH_IN,32595.84,C1831697376,4236.0,36831.84,C1790207539,976790.57,944194.73,0,0
738,TRANSFER,814689.88,C2029041842,814689.88,0.0,C1023330867,0.0,0.0,1,0
326,CASH_OUT,330829.46,C1547590622,19244.0,0.0,C754185485,5304471.26,5635300.71,0,0
305,PAYMENT,899.91,C331648580,148188.0,147288.09,M580939322,0.0,0.0,0,0
382,TRANSFER,565346.12,C1418682514,565346.12,0.0,C1366479177,0.0,0.0,1,0
9,PAYMENT,10901.75,C395467405,0.0,0.0,M1541574860,0.0,0.0,0,0
39,TRANSFER,152042.16,C1118399210,152042.16,0.0,C104038589,0.0,0.0,1,0
133,CASH_IN,458.99,C861865171,1931944.4,1932403.39,C383694880,1651054.62,1650595.63,0,0
222,TRANSFER,1338487.47,C146036421,1338487.47,0.0,C423402109,0.0,0.0,1,0
363,CASH_OUT,7703574.71,C233751269,7703574.71,0.0,C300915892,0.0,7703574.71,1,0
227,CASH_OUT,87224.27,C536011592,90203.0,2978.73,C392439352,0.0,87224.27,0,0
347,CASH_IN,63724.16,C980490393,397261.0,460985.16,C1047869868,765775.28,702051.12,0,0
439,CASH_OUT,306419.73,C1806758197,306419.73,0.0,C1577735864,314156.56,620576.28,1,0
159,CASH_IN,207524.86,C1844343445,1948742.89,2156267.75,C208067071,1906995.1,1699470.24,0,0
374,CASH_IN,175704.01,C397045575,47853.0,223557.01,C1095260933,0.0,0.0,0,0
232,CASH_OUT,17907.11,C505288307,62572.0,44664.89,C1573118639,0.0,17907.11,0,0
595,PAYMENT,15455.35,C1087449539,463123.0,447667.65,M1619508974,0.0,0.0,0,0
130,CASH_OUT,9981.41,C1469766390,0.0,0.0,C1789768093,383681.34,393662.76,0,0
609,CASH_OUT,76133.19,C1871273131,76133.19,0.0,C1784771871,0.0,76133.19,1,0
214,CASH_OUT,85927.76,C1369097140,590.0,0.0,C434718109,695307.91,781235.67,0,0
211,CASH_OUT,2260.35,C1821261294,90516.0,88255.65,C641387614,0.0,2260.35,0,0
558,CASH_OUT,316877.85,C314495113,316877.85,0.0,C2019920995,0.0,316877.85,1,0
12,CASH_OUT,50703.96,C1547754191,0.0,0.0,C1803078638,1074271.66,1124975.62,0,0
207,PAYMENT,20309.53,C861314224,49217.0,28907.47,M431250344,0.0,0.0,0,0
617,TRANSFER,1013208.77,C45646600,1013208.77,0.0,C1927425831,0.0,0.0,1,0
330,PAYMENT,26352.32,C320245500,0.0,0.0,M2142124858,0.0,0.0,0,0
668,CASH_OUT,1576531.53,C2000069930,1576531.53,0.0,C1345448010,0.0,1576531.53,1,0
372,CASH_IN,469512.26,C1537328907,14202.0,483714.26,C529944934,0.0,0.0,0,0
318,CASH_OUT,688473.32,C1476270190,688473.32,0.0,C83742367,47171.96,735645.29,1,0
298,TRANSFER,5161033.81,C2037866544,14808.0,0.0,C618489656,0.0,5161033.81,0,0
18,TRANSFER,712384.57,C317517751,14915.0,0.0,C325785010,0.0,898534.62,0,0
181,CASH_OUT,50567.69,C2143488931,0.0,0.0,C1231297289,417814.27,468381.95,0,0
324,CASH_OUT,377534.84,C1943577646,0.0,0.0,C1915311099,576711.1,954245.94,0,0
260,CASH_IN,122388.55,C248040607,49618.0,172006.55,C1041666862,88920.22,0.0,0,0
682,CASH_OUT,5271.46,C1642527163,5271.46,0.0,C1423205265,11605234.19,11610505.64,1,0
214,CASH_OUT,2485467.28,C159949095,2485467.28,0.0,C2133680119,0.0,2485467.28,1,0
402,PAYMENT,1233.79,C793488894,624.0,0.0,M726157012,0.0,0.0,0,0
185,CASH_OUT,222627.65,C89027225,8537.18,0.0,C659320285,348058.22,570685.87,0,0
284,CASH_OUT,89779.82,C43992178,416.0,0.0,C864177631,3588237.44,3678017.26,0,0
448,CASH_OUT,77288.01,C1915243353,825.0,0.0,C1248131766,2985436.5,3062724.52,0,0
350,TRANSFER,3437686.7,C2071184891,0.0,0.0,C1283415889,5420708.67,8858395.37,0,0
276,CASH_OUT,92397.16,C1271727345,0.0,0.0,C1811206974,2319138.88,2411536.04,0,0
420,PAYMENT,13242.7,C292035804,302.0,0.0,M1555409779,0.0,0.0,0,0
235,PAYMENT,48791.84,C1960454172,0.0,0.0,M1177740149,0.0,0.0,0,0
333,PAYMENT,2365.29,C88353842,0.0,0.0,M997179427,0.0,0.0,0,0
133,CASH_OUT,47395.24,C596008132,5220.0,0.0,C799858765,0.0,47395.24,0,0
20,CASH_IN,60491.02,C530416409,956.0,61447.02,C1828563450,3999992.92,3939501.89,0,0
163,PAYMENT,463.76,C194444709,0.0,0.0,M1360248703,0.0,0.0,0,0
130,CASH_OUT,868260.54,C1107031790,9022.0,0.0,C533311481,0.0,868260.54,0,0
633,CASH_OUT,405400.26,C134085656,405400.26,0.0,C1027510242,707011.54,1112411.81,1,0
692,CASH_OUT,701697.49,C1124257950,701697.49,0.0,C1620887642,680160.57,1381858.06,1,0
300,CASH_OUT,154463.62,C289987977,0.0,0.0,C1486416528,346582.9,501046.52,0,0
331,CASH_OUT,210373.89,C531018731,343880.0,133506.11,C204359192,554740.26,765114.15,0,0
401,PAYMENT,504.23,C711154352,0.0,0.0,M1742069596,0.0,0.0,0,0
333,CASH_OUT,40663.57,C129397222,13980.0,0.0,C1222021955,530454.53,571118.1,0,0
37,CASH_OUT,139437.32,C573475687,0.0,0.0,C1211670018,2198545.81,2337983.13,0,0
21,PAYMENT,3783.47,C304803407,21231.0,17447.53,M2046811761,0.0,0.0,0,0
153,PAYMENT,8453.43,C2011121450,24836.0,16382.57,M297947807,0.0,0.0,0,0
256,CASH_OUT,40231.56,C1214281287,40231.56,0.0,C1355955638,23948.79,64180.35,1,0
351,CASH_OUT,302146.51,C146248138,0.0,0.0,C445278497,4262330.68,4564477.19,0,0
331,PAYMENT,8968.66,C1119036105,0.0,0.0,M1777793148,0.0,0.0,0,0
141,CASH_OUT,44909.84,C1117043835,0.0,0.0,C751324085,1200623.46,1245533.3,0,0
331,CASH_OUT,32004.02,C1398639074,128060.0,96055.98,C1507409107,0.0,32004.02,0,0
15,CASH_OUT,191092.64,C479396884,0.0,0.0,C943450002,251181.9,503660.46,0,0
188,CASH_IN,359376.19,C413075054,9949490.84,10308867.03,C1295803638,807001.95,447625.76,0,0
136,PAYMENT,8015.65,C1470897326,104750.0,96734.35,M330949199,0.0,0.0,0,0
250,PAYMENT,11991.78,C1972020057,102807.0,90815.22,M62752074,0.0,0.0,0,0
19,PAYMENT,9056.99,C620007536,0.0,0.0,M724183253,0.0,0.0,0,0
135,TRANSFER,1138908.2,C1661515503,163.0,0.0,C763292738,0.0,1138908.2,0,0
156,CASH_IN,73416.32,C1191592624,903060.18,976476.5,C1066520241,234072.88,160656.56,0,0
202,PAYMENT,7144.88,C906250351,0.0,0.0,M1329296993,0.0,0.0,0,0
42,PAYMENT,7371.0,C530248833,98085.83,90714.83,M528202729,0.0,0.0,0,0
18,CASH_OUT,129012.44,C312688285,0.0,0.0,C1694083028,143892.67,272905.11,0,0
210,CASH_IN,110319.72,C183803618,1739.0,112058.72,C275005493,23706.41,0.0,0,0
282,CASH_IN,202935.09,C1501949625,0.0,202935.09,C2093902592,5493895.53,5290960.44,0,0
201,TRANSFER,662276.78,C1795788636,662276.78,0.0,C772286572,0.0,0.0,1,0
133,PAYMENT,27504.49,C730405826,0.0,0.0,M1849357612,0.0,0.0,0,0
14,CASH_IN,253633.46,C391894318,4145377.34,4399010.8,C1297401768,1013708.43,870486.51,0,0
395,CASH_OUT,53459.78,C513146782,30643.0,0.0,C146680149,0.0,53459.78,0,0
9,PAYMENT,6498.22,C96899586,87118.6,80620.37,M797105597,0.0,0.0,0,0
132,CASH_IN,141700.34,C55792746,1619483.29,1761183.62,C43692071,418347.52,276647.19,0,0
276,TRANSFER,1567591.24,C1295443216,1567591.24,0.0,C1682101725,0.0,0.0,1,0
184,DEBIT,30167.47,C1138893798,0.0,0.0,C850156849,482691.56,512859.03,0,0
190,PAYMENT,4136.05,C1231366297,15666.0,11529.95,M1485213646,0.0,0.0,0,0
208,PAYMENT,12662.34,C857789806,0.0,0.0,M19483269,0.0,0.0,0,0
15,TRANSFER,582256.95,C23398701,0.0,0.0,C1726786375,1522821.8,2254149.82,0,0
588,CASH_IN,282885.81,C1720747929,182015.0,464900.81,C1458190684,22989216.67,22706330.85,0,0
211,CASH_OUT,255004.51,C1335907807,27767.0,0.0,C366725855,2098816.17,2353820.69,0,0
203,CASH_OUT,81376.45,C1509455477,0.0,0.0,C1641096856,231026.85,545945.84,0,0
399,CASH_OUT,160505.0,C357352844,0.0,0.0,C1901688855,640379.49,800884.49,0,0
186,PAYMENT,17053.79,C1997095256,22329.0,5275.21,M92312216,0.0,0.0,0,0
177,CASH_OUT,24852.37,C383754515,0.0,0.0,C267412482,767593.08,792445.44,0,0
284,PAYMENT,12576.48,C1935092918,10086.0,0.0,M1892509915,0.0,0.0,0,0
132,CASH_IN,153687.15,C1475739006,2054039.52,2207726.67,C140909631,699942.08,546254.93,0,0
36,TRANSFER,140386.32,C159845926,3058.0,0.0,C1827142412,6071742.78,6212129.09,0,0
373,PAYMENT,27806.54,C1996886792,82004.0,54197.46,M717395770,0.0,0.0,0,0
274,CASH_OUT,246237.17,C894106249,11032.0,0.0,C1681215871,328271.91,574509.08,0,0
38,CASH_IN,149890.61,C1528151238,1390570.19,1540460.81,C1644659158,4851125.03,4701234.41,0,0
396,CASH_IN,361800.4,C260968351,607672.0,969472.4,C1123200700,255171.13,0.0,0,0
2,TRANSFER,14949.84,C140702728,14949.84,0.0,C634210724,0.0,0.0,1,0
19,PAYMENT,1525.43,C1718182310,0.0,0.0,M364566454,0.0,0.0,0,0
242,TRANSFER,3139423.35,C1851386700,3139423.35,0.0,C659106449,0.0,0.0,1,0
8,PAYMENT,18356.86,C1629661397,0.0,0.0,M1283839671,0.0,0.0,0,0
46,CASH_OUT,44063.67,C1194224277,93423.98,49360.3,C1399698674,744067.35,788131.02,0,0
654,TRANSFER,114627.08,C12780702,114627.08,0.0,C548495641,0.0,0.0,1,0
311,PAYMENT,21885.63,C1943933182,12085.0,0.0,M655112170,0.0,0.0,0,0
230,CASH_OUT,99473.27,C167673005,0.0,0.0,C1318038190,598708.74,698182.01,0,0
276,CASH_IN,256590.41,C987610675,2570.0,259160.41,C1929455299,0.0,0.0,0,0
658,CASH_OUT,24522.52,C1046356419,24522.52,0.0,C1603948163,155677.01,180199.53,1,0
448,TRANSFER,14133.69,C1634310470,14133.69,0.0,C826378920,0.0,0.0,1,0
163,CASH_OUT,46979.13,C547078014,0.0,0.0,C47455981,96815.9,143795.03,0,0
572,TRANSFER,2000718.2,C510551701,2000718.2,0.0,C1180976855,0.0,0.0,1,0
97,CASH_OUT,5624.02,C690034207,5624.02,0.0,C1902968473,204072.3,209696.33,1,0
403,CASH_OUT,318640.67,C1361744193,20732.0,0.0,C2016111664,651406.48,970047.15,0,0
619,CASH_OUT,71486.71,C1567754815,20423.0,0.0,C1925674700,0.0,71486.71,0,0
401,CASH_OUT,146601.12,C492129068,248565.0,101963.88,C2058669667,77976.1,224577.22,0,0
168,PAYMENT,2142.69,C1970468023,109939.0,107796.31,M1761533682,0.0,0.0,0,0
289,TRANSFER,3374.25,C32426691,3374.25,0.0,C1088091066,0.0,0.0,1,0
236,PAYMENT,58.01,C1161801726,0.0,0.0,M899800812,0.0,0.0,0,0
201,CASH_OUT,62693.9,C1679500092,31751.0,0.0,C1456886847,193962.06,256655.97,0,0
184,CASH_OUT,281184.79,C1620368152,26351.0,0.0,C802974142,0.0,281184.79,0,0
646,TRANSFER,399045.08,C724693370,10399045.08,10399045.08,C1909486199,0.0,0.0,1,1
681,TRANSFER,764843.63,C942716744,0.0,0.0,C1795572566,3791445.59,4556289.22,0,0
537,CASH_OUT,127447.68,C987837660,127447.68,0.0,C2119771429,1274456.97,1401904.65,1,0
153,PAYMENT,8305.99,C473394026,21259.0,12953.01,M21504661,0.0,0.0,0,0
299,CASH_OUT,274207.38,C1011023322,0.0,0.0,C219566655,719203.08,993410.46,0,0
680,TRANSFER,2651994.1,C863787360,2651994.1,0.0,C1968421916,0.0,0.0,1,0
302,CASH_OUT,72755.23,C1320892354,0.0,0.0,C1225266274,303809.75,376564.98,0,0
19,PAYMENT,19417.92,C442229353,20298.0,880.08,M1435598251,0.0,0.0,0,0
276,CASH_IN,29491.38,C1162027244,4471313.33,4500804.71,C2006347106,442058.53,412567.16,0,0
331,PAYMENT,279.61,C2109722481,7806.62,7527.0,M606404870,0.0,0.0,0,0
330,PAYMENT,10660.77,C528004741,517028.74,506367.97,M1811475705,0.0,0.0,0,0
61,CASH_OUT,55062.46,C983142202,55062.46,0.0,C204026282,0.0,55062.46,1,0
35,PAYMENT,1938.88,C1612062728,0.0,0.0,M1715846396,0.0,0.0,0,0
34,PAYMENT,4136.47,C1728465567,314191.31,310054.84,M1910739145,0.0,0.0,0,0
275,CASH_OUT,10530.31,C2070590922,0.0,0.0,C769131790,271522.71,282053.02,0,0
135,CASH_OUT,34871.61,C470823796,0.0,0.0,C206443140,2583570.35,2618441.96,0,0
325,TRANSFER,1097164.85,C1459490209,31750.88,0.0,C1601170327,4954304.15,6051469.01,0,0
307,PAYMENT,758.99,C1689153836,2055.0,1296.01,M1738959601,0.0,0.0,0,0
64,TRANSFER,104957.85,C1844789908,104957.85,0.0,C2049190094,0.0,0.0,1,0
397,TRANSFER,52689.13,C1381675569,52689.13,0.0,C560235644,0.0,0.0,1,0
404,CASH_OUT,40059.27,C1892897583,12466.0,0.0,C1674864620,788576.5,828635.77,0,0
48,TRANSFER,5489302.04,C806769154,5489302.04,0.0,C519182481,0.0,0.0,1,0
379,CASH_OUT,15555.93,C2127210425,3117.0,0.0,C934567448,61118.71,76674.64,0,0
322,PAYMENT,21547.12,C344329429,0.0,0.0,M627836687,0.0,0.0,0,0
401,CASH_IN,123523.02,C1301263800,8393443.21,8516966.23,C271144005,352160.46,165745.19,0,0
163,CASH_IN,43418.13,C1277950084,15081246.35,15124664.49,C1483281450,1395515.39,1352097.25,0,0
395,CASH_IN,120710.84,C2066375007,622083.91,742794.75,C364360127,330494.21,209783.37,0,0
290,TRANSFER,559565.82,C322093816,559565.82,0.0,C1267169674,0.0,0.0,1,0
187,CASH_OUT,182009.42,C1854732026,53717.0,0.0,C1981662815,1223878.52,1405887.94,0,0
570,CASH_OUT,40700.38,C867786372,285188.08,244487.7,C1355390454,1773101.93,1813802.3,0,0
166,PAYMENT,9603.95,C1863851512,38989.0,29385.05,M427735314,0.0,0.0,0,0
180,CASH_OUT,419993.2,C1946312477,33148.0,0.0,C1011451315,2065879.76,2485872.96,0,0
140,CASH_IN,63438.88,C1878855324,5164926.26,5228365.14,C1078623329,4224480.94,4161042.06,0,0
239,PAYMENT,7130.61,C159464016,455827.0,448696.39,M1685384021,0.0,0.0,0,0
178,CASH_IN,336923.37,C1836343671,6543.0,343466.37,C1600961337,2660106.93,2323183.56,0,0
280,CASH_OUT,62326.48,C1908701394,398.0,0.0,C1179110538,512290.73,574617.21,0,0
324,CASH_OUT,133970.4,C193243237,1494.0,0.0,C352364019,0.0,133970.4,0,0
137,PAYMENT,2129.16,C1550011117,0.0,0.0,M1451928044,0.0,0.0,0,0
234,CASH_OUT,178974.31,C580155060,0.0,0.0,C2133940461,3521529.25,3700503.56,0,0
534,TRANSFER,492896.75,C1728027611,492896.75,0.0,C1170151190,0.0,0.0,1,0
259,TRANSFER,30113.39,C689174651,0.0,0.0,C533387756,634933.89,665047.28,0,0
44,PAYMENT,890.66,C440773051,0.0,0.0,M1814265162,0.0,0.0,0,0
140,CASH_OUT,208299.71,C1167263855,0.0,0.0,C7406165,437006.85,645306.56,0,0
397,CASH_IN,546322.48,C983167985,705984.0,1252306.48,C2072478740,46343.26,0.0,0,0
162,PAYMENT,6922.23,C2101349038,16765.0,9842.77,M565222589,0.0,0.0,0,0
322,CASH_OUT,329520.36,C2069572960,0.0,0.0,C319024949,575448.71,904969.07,0,0
19,PAYMENT,14583.33,C1406963177,20944.0,6360.67,M218453092,0.0,0.0,0,0
20,CASH_OUT,380429.57,C908689188,0.0,0.0,C152850355,3652783.07,4033212.63,0,0
47,PAYMENT,25515.69,C1170156470,0.0,0.0,M1769920306,0.0,0.0,0,0
352,TRANSFER,614145.31,C1021093618,614145.31,0.0,C1029613730,0.0,0.0,1,0
306,CASH_IN,468913.84,C377276053,214.0,469127.84,C1803743954,166550.7,0.0,0,0
8,CASH_OUT,90955.19,C1712933763,238.0,0.0,C2042243783,17599.0,92164.41,0,0
394,CASH_IN,165596.7,C2112146281,109195.0,274791.7,C1414376595,237867.72,72271.02,0,0
298,TRANSFER,2591775.4,C762597467,0.0,0.0,C2110632622,2929905.52,5521680.92,0,0
253,CASH_IN,121399.96,C1067199102,24425570.99,24546970.95,C1149271518,340974.44,219574.48,0,0
183,CASH_IN,414324.87,C1586982810,146652.0,560976.87,C1162907456,291045.87,0.0,0,0
206,CASH_OUT,388956.91,C2109394093,988.0,0.0,C1675220417,0.0,388956.91,0,0
379,CASH_IN,73823.52,C1564633603,197483.99,271307.51,C138063080,2240110.08,2166286.56,0,0
9,CASH_OUT,254783.42,C1583188092,0.0,0.0,C157658054,459626.65,775873.05,0,0
188,CASH_OUT,26846.49,C1338944480,283947.31,257100.82,C58431911,28408.39,55254.88,0,0
615,CASH_OUT,56510.5,C177838089,56510.5,0.0,C2141549007,4455203.05,4511713.55,1,0
285,PAYMENT,805.05,C1376544213,0.0,0.0,M52606627,0.0,0.0,0,0
378,CASH_OUT,3172.7,C916088646,0.0,0.0,C1435887815,109050.0,112222.71,0,0
379,CASH_OUT,90581.4,C542392885,49732.0,0.0,C1551230550,0.0,90581.4,0,0
153,PAYMENT,4023.31,C917424263,24191.0,20167.69,M1810067485,0.0,0.0,0,0
136,TRANSFER,235208.04,C1209236519,0.0,0.0,C1668216224,702801.83,938009.86,0,0
226,PAYMENT,23557.63,C1239105382,2720.42,0.0,M97393723,0.0,0.0,0,0
17,CASH_OUT,238317.31,C786581462,12467.0,0.0,C1513774273,345603.3,725531.04,0,0
154,CASH_IN,333782.49,C1832489212,4102.0,337884.49,C722049583,0.0,0.0,0,0
157,CASH_OUT,120481.71,C922658414,0.0,0.0,C1821667317,5477766.72,5598248.43,0,0
709,CASH_IN,37003.15,C1700128380,765909.69,802912.84,C134294964,82910.28,45907.13,0,0
290,TRANSFER,165368.59,C914833925,165368.59,0.0,C1606646228,0.0,0.0,1,0
130,CASH_OUT,308993.13,C1434818483,427.0,0.0,C1204724832,489409.62,798402.75,0,0
400,PAYMENT,24155.68,C781133048,0.0,0.0,M1283295475,0.0,0.0,0,0
206,CASH_IN,127313.08,C821356677,3338287.95,3465601.03,C34415858,252052.7,124739.62,0,0
184,TRANSFER,90346.05,C1877543118,90346.05,0.0,C248812061,0.0,0.0,1,0
375,CASH_IN,225005.39,C922782176,943320.83,1168326.23,C1339810546,420695.26,195689.86,0,0
311,CASH_IN,248036.51,C1866713485,5087.0,253123.51,C354214723,8446.04,0.0,0,0
349,PAYMENT,18449.38,C1548267910,0.0,0.0,M1386004211,0.0,0.0,0,0
14,PAYMENT,16001.69,C1736280104,98283.0,82281.31,M103153746,0.0,0.0,0,0
180,DEBIT,3378.82,C1842158779,11638.0,8259.18,C1245134928,158337.05,161715.87,0,0
204,PAYMENT,12819.06,C1962217808,25615.0,12795.94,M674582539,0.0,0.0,0,0
201,CASH_OUT,73428.23,C1856051462,0.0,0.0,C752064918,165740.54,1368.83,0,0
300,CASH_OUT,173947.43,C702532150,9997.0,0.0,C1287720910,10680696.41,10854643.85,0,0
275,PAYMENT,6245.36,C619162066,0.0,0.0,M1203235522,0.0,0.0,0,0
300,PAYMENT,18005.64,C1744678972,74348.0,56342.36,M1155318834,0.0,0.0,0,0
350,CASH_OUT,164240.12,C280524612,0.0,0.0,C535358274,431469.87,595709.99,0,0
160,CASH_IN,44069.25,C1478643480,7126519.78,7170589.03,C260775925,24772094.9,24728025.65,0,0
33,CASH_IN,211691.39,C152184188,1242401.23,1454092.61,C33956056,730692.44,519001.06,0,0
17,TRANSFER,83425.02,C175920351,0.0,0.0,C1285184749,0.0,83425.02,0,0
79,TRANSFER,432254.84,C2026655073,432254.84,0.0,C524492169,0.0,0.0,1,0
109,CASH_OUT,3523089.46,C799860005,3523089.46,0.0,C1997890348,8737618.15,12260707.61,1,0
140,CASH_OUT,74489.14,C1535412346,18748.79,0.0,C1752376775,182038.06,256527.2,0,0
36,PAYMENT,11151.92,C2136593737,0.0,0.0,M640333362,0.0,0.0,0,0
40,PAYMENT,2897.45,C469161580,0.0,0.0,M1249058457,0.0,0.0,0,0
252,PAYMENT,30264.52,C1647540651,15779.0,0.0,M1587499157,0.0,0.0,0,0
738,CASH_OUT,106584.32,C2085819511,106584.32,0.0,C2000713595,5524872.71,5631457.03,1,0
42,PAYMENT,19064.38,C1388080934,31037.0,11972.62,M297201835,0.0,0.0,0,0
545,CASH_IN,436276.81,C2137106034,11174.0,447450.81,C652705074,0.0,0.0,0,0
298,CASH_OUT,199.22,C438656696,0.0,0.0,C321001267,61940.76,62139.98,0,0
563,CASH_IN,47049.98,C77767271,1757858.79,1804908.77,C114160431,447531.27,400481.3,0,0
393,PAYMENT,2347.71,C2078602644,488209.0,485861.29,M1284350251,0.0,0.0,0,0
136,PAYMENT,5708.88,C1381603966,0.0,0.0,M1335250635,0.0,0.0,0,0
396,CASH_IN,134540.48,C609158686,135496.0,270036.48,C1000623666,615739.61,481199.13,0,0
179,PAYMENT,12071.37,C1897053984,20646.0,8574.63,M1991462631,0.0,0.0,0,0
138,CASH_OUT,220500.04,C1964978022,0.0,0.0,C75009603,872035.53,1092535.57,0,0
158,TRANSFER,475187.81,C233521797,14791.0,0.0,C322314448,0.0,475187.81,0,0
182,CASH_IN,71530.85,C832414837,1001639.01,1073169.86,C1884913598,254553.64,183022.78,0,0
184,PAYMENT,4751.62,C713715971,0.0,0.0,M1085282176,0.0,0.0,0,0
9,CASH_OUT,600353.31,C1234202456,271087.0,0.0,C1180014238,7235.81,1263350.14,0,0
162,PAYMENT,38451.45,C2071763928,13878.0,0.0,M687055751,0.0,0.0,0,0
208,CASH_OUT,32138.99,C1268247387,0.0,0.0,C1927599671,229891.49,262030.48,0,0
33,TRANSFER,981398.62,C1171095668,0.0,0.0,C252760149,1688495.73,2669894.36,0,0
185,CASH_IN,141020.11,C1357738250,6903630.51,7044650.62,C587895659,890940.24,749920.13,0,0
398,PAYMENT,1977.57,C584973932,338175.44,336197.87,M355799085,0.0,0.0,0,0
160,CASH_OUT,129398.87,C1404328977,0.0,0.0,C707091049,966656.85,1096055.72,0,0
369,PAYMENT,20529.87,C1890883292,254634.0,234104.13,M2038787913,0.0,0.0,0,0
284,CASH_IN,324717.9,C281443729,9669632.67,9994350.57,C1603252175,346200.64,21482.73,0,0
333,PAYMENT,21229.87,C1794961617,16074.0,0.0,M608974951,0.0,0.0,0,0
22,TRANSFER,239646.72,C1977304181,239646.72,0.0,C1053513851,0.0,0.0,1,0
401,CASH_OUT,173720.38,C1412589163,25026.0,0.0,C1707457198,14178.3,187898.68,0,0
18,CASH_OUT,109891.48,C1174701410,321491.86,211600.38,C1039850982,1642384.84,1632663.24,0,0
335,PAYMENT,5782.39,C822935784,1986.0,0.0,M889082480,0.0,0.0,0,0
134,PAYMENT,15516.78,C545485948,5904.87,0.0,M1600813983,0.0,0.0,0,0
166,PAYMENT,5939.16,C833782553,20997.61,15058.45,M957419553,0.0,0.0,0,0
321,CASH_OUT,178255.0,C885883853,110724.86,0.0,C1617939114,199936.36,378191.35,0,0
325,CASH_OUT,11062.22,C1114700262,0.0,0.0,C1002244794,642687.83,653750.05,0,0
375,CASH_OUT,118462.93,C2020423180,118462.93,0.0,C398791968,251578.05,370040.99,1,0
185,CASH_OUT,63009.43,C289965777,63009.43,0.0,C268959010,1057339.93,1120349.36,1,0
469,CASH_OUT,193098.07,C468651465,0.0,0.0,C1848372882,4650708.1,4843806.17,0,0
184,CASH_OUT,358537.16,C1173281639,0.0,0.0,C2135578968,1828841.63,2187378.79,0,0
396,CASH_IN,531987.86,C1045923143,4049940.74,4581928.6,C1237747447,1748268.25,1216280.39,0,0
409,CASH_OUT,377096.39,C563591583,377096.39,0.0,C970254798,0.0,377096.39,1,0
19,CASH_OUT,176708.16,C629863335,0.0,0.0,C2083661017,2065068.16,2241776.31,0,0
35,CASH_OUT,118507.86,C1947215114,0.0,0.0,C1797972345,142404.34,260912.2,0,0
182,CASH_OUT,326422.36,C580896566,0.0,0.0,C1835433971,712964.8,1039387.16,0,0
38,PAYMENT,6495.18,C647165966,79350.0,72854.82,M1171216541,0.0,0.0,0,0
350,CASH_OUT,15821.08,C994541893,0.0,0.0,C1690099573,205806.67,221627.75,0,0
301,CASH_OUT,56833.37,C1372146522,16763.0,0.0,C847677669,0.0,56833.37,0,0
413,TRANSFER,140333.35,C753726287,140333.35,0.0,C1558494610,0.0,0.0,1,0
300,PAYMENT,54730.42,C1853793075,0.0,0.0,M1554337197,0.0,0.0,0,0
189,PAYMENT,17418.47,C1830044066,0.0,0.0,M1826224377,0.0,0.0,0,0
402,CASH_OUT,243523.95,C202187293,0.0,0.0,C269303016,24831207.25,25074731.2,0,0
139,CASH_OUT,97093.55,C508657241,0.0,0.0,C222743251,145219.77,242313.32,0,0
133,TRANSFER,248309.38,C878097579,10301.0,0.0,C1923595445,0.0,639845.21,0,0
403,PAYMENT,8573.94,C757669941,1778440.3,1769866.35,M1068375223,0.0,0.0,0,0
180,CASH_IN,70755.73,C1824764311,2025.0,72780.73,C1718119832,27265.77,0.0,0,0
303,CASH_OUT,18116.29,C1253737752,0.0,0.0,C591083375,2806019.59,2824135.88,0,0
324,CASH_IN,88999.23,C825901912,11276484.95,11365484.18,C1849142309,425956.61,336957.39,0,0
226,PAYMENT,21076.74,C242927668,0.0,0.0,M1562614559,0.0,0.0,0,0
410,TRANSFER,557950.06,C1892460908,557950.06,0.0,C872133707,0.0,0.0,1,0
302,CASH_IN,177814.3,C585953534,23896095.08,24073909.37,C1527003642,1963379.37,1452766.7,0,0
739,CASH_OUT,194521.28,C1558118886,194521.28,0.0,C987019949,7203373.74,7397895.02,1,0
605,CASH_OUT,147230.63,C1675751864,147230.63,0.0,C1378762120,0.0,147230.63,1,0
40,PAYMENT,18908.91,C561843075,0.0,0.0,M1319317460,0.0,0.0,0,0
332,CASH_OUT,316029.85,C1366826908,72813.0,0.0,C462483020,39384.67,355414.52,0,0
161,CASH_IN,1331.05,C1656762761,3379488.32,3380819.37,C812749190,309723.11,308392.06,0,0
134,CASH_OUT,22449.08,C248466257,52192.0,29742.92,C1428674176,16440.64,38889.73,0,0
536,TRANSFER,285382.07,C1799496993,285382.07,0.0,C6772429,0.0,0.0,1,0
19,CASH_OUT,126723.87,C1636406612,11294.0,0.0,C483248266,93316.0,289492.67,0,0
280,CASH_IN,30291.26,C1903267900,9422688.4,9452979.66,C911407842,5830820.63,5800529.37,0,0
162,PAYMENT,16400.19,C1551722065,0.0,0.0,M1868456488,0.0,0.0,0,0
327,CASH_OUT,194558.13,C1303571551,0.0,0.0,C330365612,2294640.22,2489198.35,0,0
38,PAYMENT,18436.65,C2054679786,0.0,0.0,M330551524,0.0,0.0,0,0
349,CASH_OUT,202435.07,C584020616,5049.0,0.0,C631154644,31986.05,234421.12,0,0
185,CASH_IN,207514.39,C2147302747,1467687.3,1675201.69,C1426400034,493513.08,285998.68,0,0
154,PAYMENT,12961.11,C1224890101,42330.0,29368.89,M902264731,0.0,0.0,0,0
162,PAYMENT,14703.46,C686111893,51873.0,37169.54,M620462157,0.0,0.0,0,0
162,CASH_OUT,357674.83,C606462115,2497.0,0.0,C1703006213,4413434.75,4771109.59,0,0
162,CASH_IN,76584.84,C1667922983,2549019.24,2625604.07,C1749493494,2022021.08,1945436.25,0,0
239,TRANSFER,71867.47,C1544214940,71867.47,0.0,C1148585610,0.0,0.0,1,0
90,TRANSFER,266746.42,C1640647431,266746.42,0.0,C1995045376,0.0,0.0,1,0
129,CASH_OUT,126402.85,C1885129697,42285.0,0.0,C1000322805,147164.43,273567.29,0,0
257,PAYMENT,1913.63,C1597326391,77636.36,75722.73,M2115944612,0.0,0.0,0,0
324,CASH_OUT,226087.34,C222224605,5581.0,0.0,C381368230,21740.02,247827.37,0,0
163,CASH_IN,283198.8,C414601226,12365003.32,12648202.12,C291231919,759675.61,476476.81,0,0
40,CASH_IN,157508.27,C105463039,11109236.88,11266745.15,C548025730,1404834.22,1247325.95,0,0
567,TRANSFER,1893451.73,C400595138,1893451.73,0.0,C1773342001,0.0,0.0,1,0
291,CASH_OUT,87660.69,C1371078457,87660.69,0.0,C885540169,2644942.3,2732603.0,1,0
381,CASH_OUT,158032.56,C895470560,51397.0,0.0,C1677664634,2291144.56,2449177.12,0,0
207,CASH_OUT,82701.23,C4230925,0.0,0.0,C1875405581,296493.4,379194.63,0,0
352,CASH_OUT,7454553.06,C1952070142,7454553.06,0.0,C1302887939,0.0,7454553.06,1,0
332,CASH_OUT,120509.29,C130296753,100367.0,0.0,C794456171,0.0,120509.29,0,0
383,PAYMENT,1477.93,C861549874,359238.51,357760.58,M762397804,0.0,0.0,0,0
138,CASH_OUT,121917.99,C616238215,131956.0,10038.01,C795714848,0.0,121917.99,0,0
188,CASH_OUT,90435.82,C731261097,0.0,0.0,C898167111,1119055.47,1209491.28,0,0
163,CASH_IN,4107.55,C225399299,31863.0,35970.55,C1346407264,117237.33,113129.78,0,0
383,DEBIT,2208.48,C1962770544,10933.0,8724.52,C1137247436,6026341.7,6028550.18,0,0
351,CASH_IN,223104.74,C716058453,9416770.91,9639875.65,C159643878,441067.61,217962.87,0,0
129,CASH_OUT,13559.75,C286983551,25159.0,11599.25,C2308655,0.0,13559.75,0,0
345,CASH_IN,80616.68,C1298742803,58207.0,138823.68,C43985246,0.0,0.0,0,0
306,CASH_IN,219038.94,C1014713512,20275.0,239313.94,C419694394,0.0,0.0,0,0
276,CASH_OUT,296027.21,C1648294342,0.0,0.0,C1458509145,3505732.51,3801759.72,0,0
378,CASH_OUT,161574.03,C1555530290,6334.0,0.0,C71102003,95079.12,256653.15,0,0
454,CASH_OUT,1172700.63,C506025543,1172700.63,0.0,C339280589,202614.09,1375314.72,1,0
13,CASH_IN,83488.48,C79738545,968394.97,1051883.44,C4995053,271771.9,188283.42,0,0
574,CASH_OUT,38906.03,C1303495261,40178.0,1271.97,C908619446,0.0,38906.03,0,0
163,TRANSFER,1153200.73,C239172527,1153200.73,0.0,C237111341,0.0,0.0,1,0
211,CASH_OUT,68882.1,C1749783155,0.0,0.0,C1206705736,2809265.0,2878147.1,0,0
351,CASH_IN,58330.17,C800527931,7464852.45,7523182.62,C1789069868,488701.29,430371.13,0,0
236,PAYMENT,35439.54,C920392949,0.0,0.0,M834852603,0.0,0.0,0,0
314,CASH_IN,237247.73,C1736237987,4072472.04,4309719.78,C1245351228,4007039.8,3769792.07,0,0
309,PAYMENT,9688.36,C1384652715,124838.0,115149.64,M1906537532,0.0,0.0,0,0
234,CASH_OUT,43148.14,C439038250,2354.47,0.0,C1571320638,532967.7,576115.84,0,0
671,TRANSFER,3441041.46,C917414431,3441041.46,3441041.46,C1082139865,0.0,0.0,1,1
325,CASH_IN,45696.59,C1515978453,808257.86,853954.45,C158336513,530425.01,484728.42,0,0
156,PAYMENT,15253.65,C1505886791,15841.0,587.35,M1508821156,0.0,0.0,0,0
179,TRANSFER,103388.43,C1987937150,0.0,0.0,C1355228643,310570.22,413958.65,0,0
214,PAYMENT,2170.8,C1873284745,942.0,0.0,M738551323,0.0,0.0,0,0
322,CASH_IN,120403.84,C1165185587,1051521.1,1171924.94,C2081975892,642347.02,521943.18,0,0
374,CASH_OUT,115125.3,C908924241,115125.3,0.0,C1546609345,8601839.76,8716965.06,1,0
225,CASH_IN,242750.05,C1845132673,1037.0,243787.05,C1017494599,0.0,0.0,0,0
258,CASH_OUT,141054.07,C216564392,0.0,0.0,C1069895026,882823.13,1023877.2,0,0
278,PAYMENT,50522.0,C510093307,0.0,0.0,M591168347,0.0,0.0,0,0
383,PAYMENT,5904.83,C37668959,36.0,0.0,M1636809050,0.0,0.0,0,0
162,CASH_IN,97290.44,C623050763,1066.0,98356.44,C1107230433,18438.26,0.0,0,0
702,TRANSFER,3171085.59,C1892216157,3171085.59,3171085.59,C1308068787,0.0,0.0,1,1
161,TRANSFER,1527656.72,C1092638893,3382.0,0.0,C241800749,613644.82,2141301.54,0,0
437,TRANSFER,8006429.04,C1764648235,8006429.04,0.0,C894097120,0.0,0.0,1,0
597,CASH_IN,113202.67,C1931946028,6637382.36,6750585.03,C1430589184,10000000.0,9886797.33,0,0
214,CASH_OUT,2582313.07,C939181063,2582313.07,0.0,C1201001488,1640.53,2583953.6,1,0
156,PAYMENT,6469.54,C564415156,0.0,0.0,M987112841,0.0,0.0,0,0
22,TRANSFER,1258956.71,C1209224134,1258956.71,0.0,C314012937,0.0,0.0,1,0
233,CASH_OUT,467793.39,C363387268,223.0,0.0,C181329081,3257320.27,3725113.66,0,0
226,CASH_OUT,32673.2,C2004740202,0.0,0.0,C345498899,3535765.72,3580327.32,0,0
374,PAYMENT,794.93,C682219835,0.0,0.0,M27264312,0.0,0.0,0,0
333,PAYMENT,55077.81,C1896905346,5018.0,0.0,M2111032693,0.0,0.0,0,0
324,TRANSFER,10211.81,C1057819107,10211.81,0.0,C97284144,0.0,0.0,1,0
183,PAYMENT,29448.85,C1247519787,99171.92,69723.07,M1275576000,0.0,0.0,0,0
380,PAYMENT,744.85,C1755680448,0.0,0.0,M1758412808,0.0,0.0,0,0
238,TRANSFER,1010658.42,C475081098,0.0,0.0,C1265550742,1755741.49,2766399.91,0,0
86,TRANSFER,8931607.89,C1230337572,8931607.89,0.0,C720836200,0.0,0.0,1,0
596,CASH_IN,365966.41,C106789084,550921.11,916887.52,C46677981,563180.24,197213.83,0,0
397,CASH_IN,72215.1,C595175990,475704.49,547919.59,C1063856878,121528.11,49313.01,0,0
36,CASH_OUT,150183.83,C130563079,0.0,0.0,C448405120,476921.26,934413.3,0,0
307,PAYMENT,22990.66,C2041172917,0.0,0.0,M407625971,0.0,0.0,0,0
181,PAYMENT,17327.73,C1140013227,35542.0,18214.27,M1908085748,0.0,0.0,0,0
119,CASH_IN,262290.53,C1677205662,1834278.87,2096569.4,C883598077,1476125.94,1213835.41,0,0
371,CASH_OUT,154825.2,C1935817820,0.0,0.0,C945314662,1490239.99,3005466.69,0,0
156,PAYMENT,14390.08,C1347071926,0.0,0.0,M2107719356,0.0,0.0,0,0
127,CASH_OUT,829012.31,C954045856,829012.31,0.0,C1422327407,0.0,829012.31,1,0
394,CASH_OUT,147957.23,C1156678910,147957.23,0.0,C1718510079,105718.75,253675.98,1,0
347,CASH_IN,143417.67,C1614387075,5445852.78,5589270.46,C263607745,222862.24,79444.56,0,0
376,TRANSFER,248123.95,C551643409,248123.95,0.0,C634586560,0.0,0.0,1,0
286,PAYMENT,15850.32,C1390587777,9043.0,0.0,M1448166625,0.0,0.0,0,0
391,TRANSFER,495773.64,C1248328274,495773.64,0.0,C917413885,0.0,0.0,1,0
187,PAYMENT,7722.89,C1907244006,57433.48,49710.59,M737541638,0.0,0.0,0,0
165,PAYMENT,1126.16,C1446455466,87040.04,85913.88,M166925721,0.0,0.0,0,0
205,CASH_IN,242593.17,C541488511,59.0,242652.17,C823455096,367489.66,124896.49,0,0
188,PAYMENT,14335.96,C748151818,0.0,0.0,M1298156836,0.0,0.0,0,0
207,CASH_OUT,195911.65,C245071025,0.0,0.0,C281201990,822356.05,1018267.71,0,0
36,TRANSFER,202105.49,C1619668389,49.0,0.0,C393452526,536776.1,628803.95,0,0
40,PAYMENT,3435.81,C178690983,0.0,0.0,M2090775362,0.0,0.0,0,0
305,TRANSFER,4691520.2,C619952996,79801.0,0.0,C953673845,205539.74,4897059.94,0,0
161,PAYMENT,45899.38,C708819376,0.0,0.0,M4885259,0.0,0.0,0,0
326,TRANSFER,233410.57,C1906056376,0.0,0.0,C444606099,1015416.59,1674153.91,0,0
687,TRANSFER,3009125.59,C1108630642,3009125.59,0.0,C1010618202,0.0,0.0,1,0
9,TRANSFER,387007.5,C595355264,0.0,0.0,C1354952534,1868994.9,2139438.98,0,0
356,CASH_IN,180656.82,C1903811392,1609673.47,1790330.28,C543393848,934631.72,753974.91,0,0
46,PAYMENT,8285.81,C1803766052,114085.0,105799.19,M144169294,0.0,0.0,0,0
355,CASH_OUT,91353.13,C1532043718,25136.0,0.0,C1924951123,194341.19,285694.32,0,0
634,TRANSFER,215299.28,C2040450460,215299.28,0.0,C1735529317,0.0,0.0,1,0
384,PAYMENT,358.58,C1739754168,11731.0,11372.42,M347084776,0.0,0.0,0,0
250,TRANSFER,114827.36,C875158937,114827.36,0.0,C1362630916,0.0,0.0,1,0
638,CASH_OUT,43996.54,C103861454,43996.54,0.0,C1002939134,808284.11,852280.66,1,0
709,PAYMENT,6866.92,C1933069789,155119.0,148252.08,M931409284,0.0,0.0,0,0
77,TRANSFER,9039246.82,C1074348771,9039246.82,0.0,C306278286,0.0,0.0,1,0
259,CASH_IN,139018.4,C2048417893,35872.46,174890.86,C1010180646,4218689.37,4079670.97,0,0
168,PAYMENT,9590.19,C231156257,377758.0,368167.81,M196929150,0.0,0.0,0,0
536,CASH_OUT,116974.87,C723208527,116974.87,0.0,C2063324566,735380.64,852355.51,1,0
226,PAYMENT,24302.66,C1853075351,723.0,0.0,M1549694083,0.0,0.0,0,0
15,CASH_OUT,277816.82,C93118325,11861.0,0.0,C1919111769,0.0,277816.82,0,0
259,CASH_IN,298592.01,C1545363879,11796804.88,12095396.89,C1326995683,482069.73,183477.72,0,0
376,PAYMENT,5315.65,C1329094086,0.0,0.0,M188098660,0.0,0.0,0,0
307,PAYMENT,6771.45,C1242102461,0.0,0.0,M640101525,0.0,0.0,0,0
131,CASH_IN,51524.69,C263512761,30281.0,81805.69,C973660590,497189.25,445664.56,0,0
322,CASH_OUT,113755.06,C1137164612,29718.4,0.0,C72001133,724176.72,837931.78,0,0
504,TRANSFER,262678.53,C678590002,262678.53,0.0,C1721123505,0.0,0.0,1,0
251,CASH_OUT,304116.85,C19033230,0.0,0.0,C385928643,996378.44,1300495.29,0,0
353,CASH_IN,367774.58,C1224888726,22363845.19,22731619.77,C1307844316,428089.44,60314.85,0,0
183,CASH_OUT,355909.21,C2002728636,355909.21,0.0,C318788140,0.0,355909.21,1,0
309,CASH_IN,140395.31,C467564305,206.0,140601.31,C1341157921,0.0,0.0,0,0
403,PAYMENT,4704.73,C1302483800,0.0,0.0,M1529428470,0.0,0.0,0,0
139,CASH_IN,25332.24,C191407989,8127.0,33459.24,C126066553,18269.0,0.0,0,0
306,CASH_IN,96627.24,C1888029269,13725436.61,13822063.85,C464907442,596068.93,499441.7,0,0
289,TRANSFER,156218.75,C1117733351,457343.0,301124.25,C1850414873,2513185.81,2669404.56,0,0
380,CASH_OUT,6874.72,C1539918821,0.0,0.0,C1049151434,1815169.63,1822044.34,0,0
180,CASH_OUT,356311.7,C1372697486,58446.0,0.0,C1111427711,338083.91,694395.6,0,0
253,PAYMENT,2995.1,C743830900,0.0,0.0,M1548119814,0.0,0.0,0,0
42,CASH_OUT,135096.91,C245056383,8627.0,0.0,C794077381,75422.71,210519.62,0,0
569,CASH_OUT,2561698.04,C694643897,2561698.04,0.0,C210678404,93471.68,2655169.72,1,0
262,PAYMENT,3276.27,C298140222,67578.0,64301.73,M611737109,0.0,0.0,0,0
226,PAYMENT,32075.05,C1229034531,0.0,0.0,M1322278345,0.0,0.0,0,0
151,CASH_OUT,1766811.07,C1812465307,1766811.07,0.0,C1438776235,618077.7,2384888.77,1,0
256,CASH_OUT,99654.87,C2053182508,437192.93,337538.06,C1046133601,2068967.57,2168622.44,0,0
206,TRANSFER,154196.49,C1983440446,154196.49,0.0,C883310788,0.0,0.0,1,0
134,TRANSFER,3892156.3,C1631482807,3892156.3,0.0,C1003909463,0.0,0.0,1,0
208,CASH_IN,372651.28,C1050013898,30269.0,402920.28,C948593984,0.0,0.0,0,0
325,PAYMENT,28403.82,C82123150,166737.11,138333.29,M366033535,0.0,0.0,0,0
380,CASH_OUT,333098.84,C298831511,0.0,0.0,C1871794198,5396878.82,5729977.66,0,0
42,CASH_OUT,255370.86,C973401245,48673.0,0.0,C1029931930,146076.13,401446.99,0,0
400,TRANSFER,51113.0,C109032105,51113.0,0.0,C1072918822,0.0,0.0,1,0
136,PAYMENT,1913.79,C1861261114,183775.0,181861.21,M2059918533,0.0,0.0,0,0
36,CASH_OUT,180048.28,C1411179133,0.0,0.0,C1044757031,257518.96,437567.23,0,0
17,CASH_OUT,190920.65,C1742367029,0.0,0.0,C2119889994,7357850.1,7548770.76,0,0
299,PAYMENT,43628.5,C1630625194,0.0,0.0,M26280569,0.0,0.0,0,0
186,CASH_IN,406462.31,C214584103,1406775.9,1813238.21,C1472028439,3558034.19,3151571.88,0,0
345,PAYMENT,23711.49,C715640597,70839.0,47127.51,M2109721207,0.0,0.0,0,0
283,CASH_OUT,147011.18,C2141896380,86608.59,0.0,C1190170808,1220837.24,1367848.41,0,0
374,CASH_IN,211191.04,C1644918625,8839290.7,9050481.74,C1755890136,308570.99,97379.95,0,0
227,PAYMENT,11439.74,C1777464916,204914.25,193474.51,M538973028,0.0,0.0,0,0
255,CASH_IN,171439.9,C447309511,17072880.73,17244320.63,C1961925705,1022004.76,850564.86,0,0
355,PAYMENT,5449.04,C377093655,156.0,0.0,M1050030732,0.0,0.0,0,0
187,CASH_IN,97934.52,C281748951,29790.0,127724.52,C63778623,101073.81,3139.3,0,0
501,CASH_OUT,73328.47,C486475029,73328.47,0.0,C710448547,121670.8,194999.27,1,0
178,CASH_IN,52262.35,C808369312,2969623.92,3021886.27,C1032923527,2372088.57,2319826.22,0,0
274,PAYMENT,2505.3,C648916247,0.0,0.0,M160673271,0.0,0.0,0,0
511,TRANSFER,1367070.94,C507368494,1367070.94,0.0,C1527314462,0.0,0.0,1,0
377,TRANSFER,489033.93,C2125867805,489033.93,0.0,C1378742285,0.0,0.0,1,0
259,CASH_OUT,165167.96,C67978788,10838.0,0.0,C803435378,31637.59,196805.55,0,0
252,CASH_OUT,137252.1,C457620001,0.0,0.0,C511822650,223881.48,102565.19,0,0
129,CASH_IN,313039.72,C1989679986,1324433.36,1637473.08,C300539822,351048.59,38008.87,0,0
205,CASH_OUT,106846.34,C2145341608,11070.0,0.0,C2081167396,270600.4,377446.74,0,0
297,PAYMENT,23911.11,C190782456,375.0,0.0,M3674780,0.0,0.0,0,0
330,CASH_IN,121886.41,C702057202,173.0,122059.41,C644750708,151643.54,29757.13,0,0
160,PAYMENT,4700.15,C1249850741,0.0,0.0,M1655473731,0.0,0.0,0,0
133,CASH_IN,214480.02,C625256892,4785233.59,4999713.61,C1298761665,528057.9,313577.88,0,0
186,CASH_OUT,45643.48,C203507859,0.0,0.0,C2017399358,1258383.06,1304026.54,0,0
514,CASH_OUT,3551771.18,C724176081,3551771.18,0.0,C1715461224,208369.87,3760141.06,1,0
414,TRANSFER,298384.21,C787438846,298384.21,0.0,C851575801,0.0,0.0,1,0
203,CASH_IN,119516.39,C1400127141,0.0,119516.39,C870385682,0.0,0.0,0,0
589,CASH_IN,263952.41,C833178421,149558.0,413510.41,C1242278649,0.0,0.0,0,0
188,PAYMENT,6329.33,C750005006,0.0,0.0,M628596973,0.0,0.0,0,0
572,TRANSFER,151715.39,C1308715820,151715.39,0.0,C997543700,0.0,0.0,1,0
157,CASH_IN,17415.56,C645592676,15747653.15,15765068.71,C591888653,6851281.15,6833865.59,0,0
48,TRANSFER,304912.9,C1403257709,0.0,0.0,C1450164850,573912.89,878825.79,0,0
595,TRANSFER,198200.85,C1246956347,113840.0,0.0,C780838609,17026.25,215227.1,0,0
212,PAYMENT,9199.69,C1645999354,0.0,0.0,M429353713,0.0,0.0,0,0
637,TRANSFER,48605.54,C1685971043,48605.54,0.0,C1679848510,0.0,0.0,1,0
184,PAYMENT,22816.38,C1300343511,0.0,0.0,M1657598861,0.0,0.0,0,0
305,CASH_IN,142685.76,C487720061,13246649.25,13389335.02,C1784466531,1221930.55,1079244.79,0,0
140,PAYMENT,8563.68,C1195613724,0.0,0.0,M2120053168,0.0,0.0,0,0
399,CASH_IN,209119.7,C797536636,5561875.76,5770995.46,C80121796,539886.93,330767.23,0,0
444,TRANSFER,10000000.0,C1295280435,23752520.6,13752520.6,C36989160,0.0,0.0,1,0
414,TRANSFER,10000000.0,C1713766678,10724264.21,724264.21,C499919262,0.0,0.0,1,0
189,PAYMENT,4571.48,C1329411244,0.0,0.0,M544255495,0.0,0.0,0,0
263,CASH_OUT,32492.47,C630649421,31235.0,0.0,C223220155,531947.41,564439.88,0,0
226,CASH_OUT,65201.73,C1810257006,0.0,0.0,C524023061,2359325.04,2424526.77,0,0
185,CASH_IN,223753.41,C2038938433,2196280.71,2420034.13,C706435057,10739270.22,10515516.8,0,0
42,PAYMENT,22687.13,C1038716312,218373.08,195685.95,M343556956,0.0,0.0,0,0
405,PAYMENT,21480.05,C1574166326,0.0,0.0,M1833404989,0.0,0.0,0,0
309,CASH_OUT,59405.87,C1244480796,52884.64,0.0,C1875805317,2270911.44,2330317.31,0,0
397,CASH_OUT,399231.81,C1723633439,134246.0,0.0,C667559149,0.0,399231.81,0,0
212,PAYMENT,7015.38,C1048492274,7349.0,333.62,M481607601,0.0,0.0,0,0
153,CASH_IN,93540.23,C1392034026,3032183.88,3125724.11,C1223073306,2998674.02,2905133.79,0,0
661,PAYMENT,3176.79,C1246820675,29994.0,26817.21,M369020300,0.0,0.0,0,0
201,CASH_OUT,2477661.97,C959116993,2477661.97,0.0,C2073813717,25166.02,2502828.0,1,0
285,CASH_OUT,212975.59,C1972055697,212975.59,0.0,C796298418,1744147.16,1957122.75,1,0
216,PAYMENT,5298.94,C1783618963,22997.0,17698.06,M124881030,0.0,0.0,0,0
160,CASH_OUT,183001.59,C2136528269,581.0,0.0,C2023149521,1929319.42,2112321.01,0,0
13,CASH_OUT,65452.36,C2073134291,0.0,0.0,C1336412885,461142.11,526594.48,0,0
201,CASH_OUT,662276.78,C63997724,662276.78,0.0,C2141524320,537420.76,1199697.54,1,0
298,TRANSFER,488030.08,C1331489578,488030.08,0.0,C201103304,0.0,0.0,1,0
402,PAYMENT,12841.67,C13148749,0.0,0.0,M1523393547,0.0,0.0,0,0
629,TRANSFER,19527.35,C1230919219,19527.35,0.0,C419372717,0.0,0.0,1,0
48,CASH_IN,59119.54,C134871728,3309782.63,3368902.17,C2028018260,1369465.61,1310346.07,0,0
154,CASH_OUT,68772.46,C1018097823,52904.0,0.0,C696927167,0.0,68772.46,0,0
188,CASH_IN,159429.56,C1614752066,215.0,159644.56,C1636917612,415461.46,256031.9,0,0
210,CASH_OUT,436645.1,C2044120187,532.0,0.0,C1819657067,2630537.98,3067183.08,0,0
39,CASH_OUT,216382.55,C1072932087,0.0,0.0,C183349551,356841.42,573223.97,0,0
280,CASH_OUT,300969.63,C1205068006,1035.0,0.0,C1940961549,136398.78,437368.41,0,0
140,PAYMENT,9172.08,C529312749,16308.79,7136.71,M316129232,0.0,0.0,0,0
215,PAYMENT,6499.87,C285679467,11.0,0.0,M2052073002,0.0,0.0,0,0
231,PAYMENT,21568.99,C279321189,64784.0,43215.01,M1229883859,0.0,0.0,0,0
182,CASH_OUT,209821.97,C175417445,0.0,0.0,C2112546378,6123425.73,6333247.7,0,0
253,CASH_IN,41541.21,C571509483,9010207.5,9051748.72,C1799884063,1465239.71,1423698.5,0,0
154,CASH_OUT,123784.13,C378626131,0.0,0.0,C1632333483,2208776.29,2332560.42,0,0
184,TRANSFER,198062.77,C663325715,0.0,0.0,C384236451,1961814.98,2159877.75,0,0
322,CASH_IN,255420.75,C1646828700,393047.0,648467.75,C1044205866,329807.4,74386.64,0,0
281,CASH_OUT,173196.57,C280209327,0.0,0.0,C1809786668,1157571.22,1330767.8,0,0
235,CASH_OUT,638487.85,C810576421,638487.85,0.0,C393990898,0.0,638487.85,1,0
228,PAYMENT,9562.4,C2038395747,0.0,0.0,M1122352650,0.0,0.0,0,0
11,CASH_OUT,138004.67,C340668631,0.0,0.0,C1728766751,8502471.19,8640475.86,0,0
652,CASH_OUT,80397.86,C1111928189,80397.86,0.0,C909134894,410068.69,490466.54,1,0
350,CASH_OUT,48058.99,C1707219988,387.0,0.0,C134987045,0.0,48058.99,0,0
367,TRANSFER,520500.14,C75004200,520500.14,0.0,C687978944,0.0,0.0,1,0
251,CASH_OUT,82112.74,C1458675534,82112.74,0.0,C1324801555,7968.15,90080.89,1,0
369,PAYMENT,13525.76,C2077891416,37475.0,23949.24,M1847005504,0.0,0.0,0,0
230,CASH_IN,138193.14,C259486027,65439.0,203632.14,C22315400,183685.07,45491.93,0,0
186,TRANSFER,735457.67,C38192678,11075.0,0.0,C1667850733,0.0,735457.67,0,0
37,CASH_OUT,28162.72,C259234501,0.0,0.0,C470225252,2661880.49,2690043.21,0,0
411,CASH_OUT,2068313.94,C338311472,2068313.94,0.0,C1131834798,0.0,2068313.94,1,0
157,CASH_IN,412387.79,C898283235,2153290.01,2565677.79,C1146071121,963826.8,551439.01,0,0
371,CASH_OUT,34370.65,C1126334946,0.0,0.0,C1733885270,3503672.96,3538043.61,0,0
282,CASH_IN,2071.77,C538532991,1389957.76,1392029.53,C1806186120,7648.92,5577.15,0,0
161,PAYMENT,16407.36,C1699595088,0.0,0.0,M1843591205,0.0,0.0,0,0
544,CASH_IN,79301.59,C1371008211,1175969.08,1255270.68,C1234067415,727287.75,647986.15,0,0
251,CASH_IN,190073.33,C585595803,10958.0,201031.33,C1382843672,0.0,0.0,0,0
372,CASH_OUT,303873.64,C71643252,0.0,0.0,C317864103,358180.39,662054.03,0,0
214,CASH_OUT,39525.63,C2039845838,39525.63,0.0,C2003081547,61266.78,100792.41,1,0
257,PAYMENT,8348.78,C1792407960,0.0,0.0,M7830701,0.0,0.0,0,0
352,CASH_IN,14949.72,C968029330,1852623.89,1867573.61,C763923658,8798134.53,8783184.82,0,0
226,CASH_OUT,56662.96,C1911446891,0.0,0.0,C731029576,118902.5,316106.15,0,0
348,TRANSFER,136252.73,C1838187746,0.0,0.0,C514734242,205736.47,341989.2,0,0
397,CASH_IN,88616.76,C275764398,90196.0,178812.76,C88226327,7356815.57,7268198.81,0,0
471,CASH_OUT,11670.36,C1672792821,0.0,0.0,C238248697,407874.96,419545.32,0,0
39,PAYMENT,6270.88,C694906183,33512.47,27241.59,M1065146425,0.0,0.0,0,0
468,CASH_OUT,19952.89,C1054388169,19952.89,0.0,C1350880657,41255.75,61208.64,1,0
155,PAYMENT,3177.62,C904974674,0.0,0.0,M1567316607,0.0,0.0,0,0
404,PAYMENT,11307.24,C66684642,61544.67,50237.43,M1150952310,0.0,0.0,0,0
290,CASH_OUT,1454356.81,C594782618,1454356.81,0.0,C921928556,2374898.66,3829255.47,1,0
210,CASH_OUT,23610.85,C1790329459,23610.85,0.0,C409233491,212041.22,235652.07,1,0
40,TRANSFER,197316.42,C219319015,0.0,0.0,C936483581,212094.39,409410.81,0,0
278,PAYMENT,827.25,C231409361,61434.8,60607.56,M94334164,0.0,0.0,0,0
162,PAYMENT,2747.24,C867203417,0.0,0.0,M1294963430,0.0,0.0,0,0
350,CASH_OUT,59760.94,C1355028727,0.0,0.0,C235461768,4933356.32,4993117.26,0,0
146,CASH_IN,86604.96,C545023069,61999.74,148604.71,C2039590579,234147.35,147542.39,0,0
385,CASH_OUT,313974.02,C2001878652,0.0,0.0,C1389584154,382011.1,695985.12,0,0
395,PAYMENT,75503.43,C529392467,0.0,0.0,M163353920,0.0,0.0,0,0
357,PAYMENT,16530.11,C1074048927,0.0,0.0,M1244436064,0.0,0.0,0,0
376,PAYMENT,3719.58,C1748133746,0.0,0.0,M1432107901,0.0,0.0,0,0
351,PAYMENT,51837.52,C227298275,113444.73,61607.22,M1607661858,0.0,0.0,0,0
233,TRANSFER,1781942.13,C1856855224,2824.0,0.0,C151300021,36135.37,1818077.51,0,0
153,CASH_OUT,61998.11,C718329337,6350.0,0.0,C1666893297,0.0,61998.11,0,0
297,CASH_OUT,180590.36,C566944450,261528.0,80937.64,C1811558528,0.0,180590.36,0,0
11,CASH_IN,122242.52,C1800899793,6814861.73,6937104.25,C1872196255,2995009.51,3067648.0,0,0
234,PAYMENT,6797.61,C661857874,0.0,0.0,M1792350954,0.0,0.0,0,0
132,CASH_OUT,73392.89,C1187377967,383308.9,309916.01,C1940434962,611179.03,684571.92,0,0
158,TRANSFER,416124.51,C1523031067,0.0,0.0,C1063777023,17502169.77,17918294.28,0,0
329,CASH_OUT,301390.58,C70034671,272.0,0.0,C1271479421,66965.01,368355.59,0,0
210,CASH_OUT,80984.24,C370109160,0.0,0.0,C32237723,2985152.22,3066136.46,0,0
136,PAYMENT,36735.8,C727098182,0.0,0.0,M1460182543,0.0,0.0,0,0
367,CASH_OUT,240427.17,C1541669030,240427.17,0.0,C235660797,41255.61,281682.78,1,0
36,PAYMENT,12705.92,C809134800,210519.43,197813.51,M114390393,0.0,0.0,0,0
201,PAYMENT,3509.58,C1426536012,220273.29,216763.71,M933407689,0.0,0.0,0,0
424,TRANSFER,313697.44,C1043016955,313697.44,0.0,C2103366345,0.0,0.0,1,0
404,PAYMENT,2064.27,C1793761451,8984.92,6920.65,M1146942339,0.0,0.0,0,0
20,PAYMENT,22254.58,C1074568559,270720.17,248465.59,M1595972319,0.0,0.0,0,0
306,CASH_OUT,149.35,C1250137065,11759.0,11609.65,C279737343,1032415.16,1032564.51,0,0
131,TRANSFER,309321.75,C556992712,259175.0,0.0,C1687703154,985685.05,1295006.79,0,0
284,PAYMENT,11739.97,C590604336,0.0,0.0,M1520849819,0.0,0.0,0,0
121,TRANSFER,2142164.0,C181177203,2142164.0,0.0,C1002183297,0.0,0.0,1,0
469,CASH_OUT,25391.7,C632549280,50991.0,25599.3,C479251323,12647.76,38039.45,0,0
164,CASH_OUT,33412.66,C377862942,685.0,0.0,C417304190,0.0,33412.66,0,0
358,CASH_OUT,172436.24,C1627361289,71991.0,0.0,C808946124,0.0,172436.24,0,0
277,CASH_OUT,103374.59,C949593638,0.0,0.0,C1497899248,116634.09,220008.68,0,0
373,PAYMENT,12507.4,C794542204,0.0,0.0,M888532378,0.0,0.0,0,0
614,CASH_OUT,1760546.42,C183358116,1760546.42,0.0,C790128788,0.0,1760546.42,1,0
144,CASH_OUT,102750.55,C1347259085,102750.55,0.0,C1084363667,473786.58,576537.12,1,0
186,CASH_OUT,46652.4,C1522756237,31481.0,0.0,C1348038155,0.0,46652.4,0,0
306,CASH_OUT,43739.4,C850752006,0.0,0.0,C2108066773,1252590.63,1296330.03,0,0
131,PAYMENT,7590.5,C413069597,58561.72,50971.22,M92755995,0.0,0.0,0,0
589,TRANSFER,333562.05,C202432216,25728.0,0.0,C1700821073,7814342.87,8147904.92,0,0
570,CASH_OUT,1131750.38,C1396198422,1131750.38,0.0,C1612235515,313070.53,1444820.92,1,0
283,PAYMENT,21620.46,C1035397044,55519.09,33898.63,M1638110726,0.0,0.0,0,0
235,CASH_OUT,72059.46,C1903265497,0.0,0.0,C1220126059,82207.37,154266.83,0,0
310,PAYMENT,21798.79,C1363277503,336825.0,315026.21,M1659635360,0.0,0.0,0,0
157,CASH_OUT,525897.02,C1128377010,26166.0,0.0,C923994960,0.0,525897.02,0,0
575,TRANSFER,367263.47,C695418375,367263.47,0.0,C1804523786,0.0,0.0,1,0
328,PAYMENT,21880.29,C1641558313,1039.0,0.0,M409840179,0.0,0.0,0,0
182,CASH_IN,23821.01,C1648527461,4950.0,28771.01,C1020401824,0.0,0.0,0,0
202,CASH_OUT,45693.53,C166836115,31360.0,0.0,C943901945,5859157.08,5904850.61,0,0
154,PAYMENT,6904.16,C357138630,309583.58,302679.42,M2104247599,0.0,0.0,0,0
187,CASH_IN,273612.3,C1086307174,20282.0,293894.3,C288615017,0.0,0.0,0,0
235,CASH_OUT,232702.7,C1941684085,91704.0,0.0,C56986890,521274.99,753977.69,0,0
256,CASH_OUT,139350.1,C617651485,175837.0,36486.9,C715925333,0.0,139350.1,0,0
259,TRANSFER,332347.23,C1612850672,0.0,0.0,C1871491802,3673521.22,4005868.45,0,0
400,CASH_OUT,152096.0,C1052057279,0.0,0.0,C1417218754,820295.96,972391.97,0,0
184,CASH_OUT,346095.62,C1406196430,0.0,0.0,C403598104,3610102.3,3956197.92,0,0
13,PAYMENT,11770.95,C1546702034,453110.4,441339.45,M2017065671,0.0,0.0,0,0
178,CASH_OUT,126140.57,C1546850142,0.0,0.0,C711945669,314903.75,441044.32,0,0
51,TRANSFER,1398946.33,C1560394123,1398946.33,0.0,C1393670189,0.0,0.0,1,0
43,CASH_IN,12645.81,C1896877351,1900.0,14545.81,C2040659921,73972.34,61326.53,0,0
590,CASH_OUT,498183.25,C104610866,498183.25,0.0,C1054580696,107993.04,606176.29,1,0
163,CASH_IN,257786.62,C159504250,36736.0,294522.62,C139175288,0.0,0.0,0,0
184,CASH_OUT,2678.89,C782764901,29718.0,27039.11,C1490448839,252536.44,255215.32,0,0
300,CASH_IN,208774.68,C985370178,16665093.71,16873868.39,C1045817676,310036.61,101261.93,0,0
302,CASH_OUT,34988.2,C1164336125,0.0,0.0,C1874534775,132455.94,167444.14,0,0
131,CASH_OUT,49289.73,C1132301387,0.0,0.0,C298830138,2549249.7,2598539.43,0,0
616,CASH_OUT,1265656.44,C198942679,1265656.44,0.0,C154881805,653351.54,1919007.98,1,0
207,PAYMENT,1676.07,C1069601137,0.0,0.0,M1896379651,0.0,0.0,0,0
163,CASH_OUT,76809.85,C2091573191,30032.0,0.0,C1587770904,3173945.18,3250755.03,0,0
420,CASH_OUT,341956.42,C865099324,341956.42,0.0,C1895897048,2191293.04,2533249.45,1,0
237,CASH_IN,59910.82,C1149820871,3346667.24,3406578.06,C2031963738,4333749.74,4273838.92,0,0
232,CASH_IN,308733.13,C344066022,3199234.57,3507967.7,C1048515093,5041358.21,4732625.08,0,0
326,TRANSFER,1017694.07,C838393888,20371.0,0.0,C1642754067,206448.19,1224142.26,0,0
210,CASH_OUT,90300.43,C1421375653,3423.0,0.0,C701714006,419895.02,510195.46,0,0
370,CASH_IN,45468.36,C1958445834,16595907.57,16641375.93,C1350477886,88388.84,42920.49,0,0
136,PAYMENT,8390.07,C1741522405,395267.35,386877.28,M579582287,0.0,0.0,0,0
590,CASH_OUT,67308.51,C1915550691,149654.0,82345.49,C575909440,2280392.28,2347700.79,0,0
670,CASH_OUT,10000000.0,C1795726585,10000000.0,0.0,C912767355,1476475.64,11476475.64,1,0
246,TRANSFER,14343.03,C1209271656,14343.03,0.0,C1688178695,0.0,0.0,1,0
15,CASH_IN,210727.55,C1991886642,2371278.55,2582006.1,C1769594556,3829992.5,3726221.48,0,0
37,PAYMENT,1160.61,C1399656776,121747.03,120586.42,M885716897,0.0,0.0,0,0
384,PAYMENT,272.08,C1539360309,8066.0,7793.92,M1410332687,0.0,0.0,0,0
15,TRANSFER,696763.08,C968403759,696763.08,0.0,C1524019269,0.0,69861.26,1,0
300,CASH_OUT,201063.45,C1724754212,0.0,0.0,C2103442214,382595.67,583659.12,0,0
183,PAYMENT,5068.21,C517118625,0.0,0.0,M1929670956,0.0,0.0,0,0
351,CASH_OUT,118111.77,C702710728,118111.77,0.0,C5500994,0.0,118111.77,1,0
378,CASH_OUT,247076.79,C314625747,103.0,0.0,C1253549995,1013121.54,1260198.33,0,0
22,PAYMENT,795.77,C1161315324,105212.0,104416.23,M988160156,0.0,0.0,0,0
300,TRANSFER,10895052.37,C358546790,0.0,0.0,C835309141,21561363.33,32456415.71,0,0
369,PAYMENT,14199.17,C1951401579,0.0,0.0,M69726498,0.0,0.0,0,0
378,CASH_OUT,45434.43,C1092739419,0.0,0.0,C1134317051,1466443.61,1511878.05,0,0
395,CASH_OUT,328448.94,C309111573,0.0,0.0,C634016277,1301546.26,1629995.2,0,0
190,CASH_IN,47775.85,C1826036901,3335480.97,3383256.82,C489776696,1064477.57,1016701.72,0,0
203,PAYMENT,3745.11,C22831834,266023.69,262278.59,M1886909373,0.0,0.0,0,0
211,TRANSFER,88205.33,C1716221624,0.0,0.0,C2091028724,113759.39,201964.72,0,0
537,TRANSFER,2463190.9,C1545516958,2463190.9,0.0,C121750661,0.0,0.0,1,0
380,CASH_OUT,57753.23,C273781358,0.0,0.0,C514529890,481063.13,538816.36,0,0
137,PAYMENT,38042.81,C98703567,0.0,0.0,M824742073,0.0,0.0,0,0
355,CASH_IN,55007.51,C2038078819,594285.06,649292.57,C1595937964,2164834.3,2109826.79,0,0
259,PAYMENT,5583.23,C530463641,0.0,0.0,M894059741,0.0,0.0,0,0
404,PAYMENT,11956.23,C1438837222,0.0,0.0,M1986801899,0.0,0.0,0,0
380,CASH_IN,45482.47,C459704143,24562942.37,24608424.85,C1233913607,437848.5,392366.02,0,0
203,PAYMENT,11815.55,C1267567088,431636.97,419821.43,M1262770230,0.0,0.0,0,0
403,PAYMENT,3059.91,C1733268700,1635.0,0.0,M398867708,0.0,0.0,0,0
181,CASH_OUT,508935.33,C1860761423,11597.0,0.0,C1344605709,0.0,508935.33,0,0
307,PAYMENT,13980.71,C1774816710,222647.58,208666.87,M181479326,0.0,0.0,0,0
353,PAYMENT,9388.2,C1630381181,0.0,0.0,M1289033460,0.0,0.0,0,0
325,CASH_OUT,169162.37,C1438431038,0.0,0.0,C1937056516,212017.52,381179.89,0,0
354,CASH_IN,135618.09,C975466446,1461784.11,1597402.2,C1078347828,1693178.19,1557560.1,0,0
370,TRANSFER,874044.64,C286666348,0.0,0.0,C1980406032,1549004.02,2423048.66,0,0
274,PAYMENT,2066.26,C1807054636,152923.71,150857.45,M2009971229,0.0,0.0,0,0
39,PAYMENT,4139.55,C1817689355,0.0,0.0,M1863978769,0.0,0.0,0,0
254,CASH_IN,192456.39,C1244346026,2711105.68,2903562.07,C965414652,5039343.18,4846886.78,0,0
85,CASH_OUT,4094.07,C823346399,4094.07,0.0,C1910586925,296534.2,300628.27,1,0
34,CASH_OUT,52557.21,C483094763,52557.21,0.0,C1009901500,0.0,52557.21,1,0
121,TRANSFER,174296.71,C1712613012,174296.71,0.0,C1523305736,0.0,0.0,1,0
404,PAYMENT,3298.27,C476604735,18497.51,15199.25,M286670047,0.0,0.0,0,0
309,PAYMENT,32339.13,C1351252371,0.0,0.0,M1124435039,0.0,0.0,0,0
168,PAYMENT,12859.8,C1801634780,35573.0,22713.2,M369200631,0.0,0.0,0,0
276,CASH_OUT,50967.53,C1166574220,30674.0,0.0,C89915850,20916670.64,20967638.17,0,0
375,CASH_OUT,23941.69,C1284796691,16838.0,0.0,C1656033947,0.0,23941.69,0,0
259,TRANSFER,84076.61,C1691410493,109408.37,25331.76,C168303270,634140.05,718216.66,0,0
234,CASH_IN,114611.8,C1708986288,4881642.25,4996254.05,C1477540445,288067.53,173455.73,0,0
163,CASH_OUT,194366.36,C868324820,100977.0,0.0,C1196538829,0.0,194366.36,0,0
43,CASH_IN,316788.49,C1120705739,4877403.78,5194192.27,C804533723,972634.85,1086867.4,0,0
39,PAYMENT,4322.05,C535220802,0.0,0.0,M1727845271,0.0,0.0,0,0
18,CASH_OUT,1102133.9,C1213142549,1102133.9,0.0,C1880832297,306228.56,1408362.45,1,0
12,CASH_OUT,127539.01,C2069853313,0.0,0.0,C25066424,134570.89,228587.83,0,0
709,TRANSFER,242296.17,C535302480,242296.17,0.0,C1442778560,0.0,0.0,1,0
396,CASH_OUT,173253.47,C1340789209,141192.0,0.0,C1744758161,0.0,173253.47,0,0
312,CASH_OUT,564478.18,C1706010512,0.0,0.0,C2067847926,4640486.97,5204965.14,0,0
212,PAYMENT,10681.84,C759701542,0.0,0.0,M156666785,0.0,0.0,0,0
172,TRANSFER,800024.12,C1324987757,800024.12,0.0,C704140771,0.0,0.0,1,0
691,PAYMENT,8828.69,C1467019238,101620.0,92791.31,M1855440830,0.0,0.0,0,0
305,CASH_OUT,95950.05,C618478588,0.0,0.0,C955728508,2907965.71,3003915.76,0,0
255,CASH_IN,155317.22,C10302909,517567.76,672884.98,C1753773801,608540.43,453223.21,0,0
377,CASH_IN,89678.69,C620463003,9782019.83,9871698.52,C468651851,3200250.68,3110571.99,0,0
15,CASH_OUT,19899.15,C1291592395,0.0,0.0,C216993009,561434.7,581333.85,0,0
356,CASH_OUT,18779.9,C802578078,516.0,0.0,C1881782316,2893826.73,2912606.63,0,0
142,PAYMENT,3046.71,C1033928662,15277.0,12230.29,M1028048764,0.0,0.0,0,0
46,CASH_OUT,384310.08,C745829483,0.0,0.0,C2083270556,4889415.66,5273725.74,0,0
358,PAYMENT,16390.19,C1685920038,10428.0,0.0,M1626933660,0.0,0.0,0,0
156,CASH_IN,129175.51,C1154103175,946501.11,1075676.61,C1768226119,1738662.65,1609487.14,0,0
359,CASH_IN,302616.77,C1330960343,3446499.08,3749115.85,C116099782,1861120.87,1558504.1,0,0
404,DEBIT,257.6,C131100195,135476.0,135218.4,C1119440445,20635.56,20893.16,0,0
329,CASH_OUT,164730.28,C547232814,10800.0,0.0,C101258635,0.0,164730.28,0,0
303,CASH_OUT,51637.77,C2059397630,0.0,0.0,C83115016,381055.64,591543.42,0,0
120,CASH_OUT,72819.85,C1848409746,0.0,0.0,C1632150065,10056965.58,10129785.43,0,0
259,TRANSFER,669189.17,C488900881,0.0,0.0,C1568734573,7627455.77,8296644.94,0,0
211,PAYMENT,7578.83,C632995126,0.0,0.0,M1109905747,0.0,0.0,0,0
177,CASH_OUT,291074.95,C1396532916,0.0,0.0,C1079150572,5759156.7,6050231.65,0,0
467,CASH_OUT,269722.42,C1709776685,269722.42,0.0,C1845662039,24817.83,294540.26,1,0
348,CASH_OUT,154227.13,C977481017,0.0,0.0,C810599775,954940.76,1109167.89,0,0
178,CASH_OUT,357045.61,C709217371,0.0,0.0,C466943083,1403505.11,1760550.72,0,0
331,CASH_OUT,55832.94,C1594976653,0.0,0.0,C1711954323,349849.26,405682.2,0,0
694,PAYMENT,7509.25,C1268166885,72307.23,64797.98,M1761491419,0.0,0.0,0,0
214,CASH_IN,157321.45,C1962036066,24215701.87,24373023.32,C1817084447,1305012.63,1147691.18,0,0
377,TRANSFER,2106730.14,C240649159,0.0,0.0,C403504585,2518508.48,4625238.61,0,0
43,TRANSFER,2224562.48,C283986379,0.0,0.0,C1806717189,4397750.02,6622312.5,0,0
714,TRANSFER,1262207.3,C1143281085,1262207.3,0.0,C391244346,0.0,0.0,1,0
254,PAYMENT,6084.73,C906372917,68961.91,62877.17,M330298823,0.0,0.0,0,0
19,CASH_OUT,94244.91,C1351567558,0.0,0.0,C1743362143,25516682.68,25610927.59,0,0
355,PAYMENT,2953.97,C1296810983,58449.37,55495.4,M1974222122,0.0,0.0,0,0
217,CASH_OUT,972713.05,C152636559,972713.05,0.0,C1009036787,0.0,972713.05,1,0
326,CASH_OUT,330256.57,C386526878,22317.0,0.0,C2127107706,16514764.3,16845020.86,0,0
351,PAYMENT,28176.02,C835750226,135962.92,107786.91,M1587571069,0.0,0.0,0,0
447,TRANSFER,219178.49,C680549889,219178.49,0.0,C682169691,0.0,0.0,1,0
178,PAYMENT,20973.8,C1588776969,10326.0,0.0,M1341320857,0.0,0.0,0,0
309,PAYMENT,34081.46,C533954765,977.0,0.0,M1403862987,0.0,0.0,0,0
370,CASH_IN,280996.76,C942104043,103643.0,384639.76,C545379432,330617.4,49620.63,0,0
568,TRANSFER,7365106.76,C22695246,7365106.76,0.0,C750661088,0.0,0.0,1,0
370,CASH_IN,75980.14,C2136128306,24957718.85,25033698.99,C1086664679,2093910.19,2017930.05,0,0
21,CASH_IN,89507.48,C1765580082,435522.8,525030.29,C1934361212,393984.72,304477.24,0,0
137,CASH_IN,179862.79,C1407796968,21462.0,201324.79,C1868353934,211055.42,31192.62,0,0
691,TRANSFER,473086.28,C1621962604,473086.28,0.0,C2071195320,0.0,0.0,1,0
178,CASH_OUT,106460.54,C1977213504,0.0,0.0,C1936925340,2771564.53,3071206.67,0,0
525,PAYMENT,11215.51,C39155135,103027.0,91811.49,M735744343,0.0,0.0,0,0
356,CASH_OUT,4765.34,C1482611071,30546.0,25780.66,C2072941860,0.0,4765.34,0,0
44,CASH_IN,61674.46,C378247329,14354376.73,14416051.19,C978839804,157810.84,96136.38,0,0
41,CASH_OUT,448765.49,C385456358,0.0,0.0,C1673863450,2727181.18,3175946.66,0,0
132,CASH_OUT,331879.85,C1514538284,14710.0,0.0,C47345430,1562541.27,1894421.12,0,0
379,PAYMENT,19165.19,C159738948,0.0,0.0,M1302169497,0.0,0.0,0,0
47,TRANSFER,199452.98,C323889656,0.0,0.0,C375026891,3591803.31,3791256.29,0,0
21,CASH_IN,74978.74,C1533511676,479.0,75457.74,C1496076372,1513327.97,1438349.23,0,0
225,CASH_IN,184974.58,C788164219,2041960.23,2226934.8,C912155323,1526950.55,1341975.97,0,0
371,PAYMENT,7765.06,C350600843,112739.0,104973.94,M435859329,0.0,0.0,0,0
279,PAYMENT,17182.8,C303814964,1929.32,0.0,M924023044,0.0,0.0,0,0
10,CASH_IN,698570.89,C1735155285,819387.3,1517958.19,C793485742,0.0,0.0,0,0
281,CASH_OUT,117882.31,C2003134241,14510.0,0.0,C1113004207,58054.19,175936.5,0,0
237,PAYMENT,1621.14,C1615193596,0.0,0.0,M1234314033,0.0,0.0,0,0
237,PAYMENT,11367.04,C959652835,397434.39,386067.34,M1950649653,0.0,0.0,0,0
33,CASH_OUT,3295227.84,C1587398978,3295227.84,0.0,C1560573396,0.0,4002861.53,1,0
307,PAYMENT,22631.09,C1165878081,0.0,0.0,M2039335806,0.0,0.0,0,0
360,TRANSFER,647032.41,C1744871153,0.0,0.0,C707142352,4683112.46,5330144.87,0,0
144,TRANSFER,102750.55,C231882139,102750.55,0.0,C908283595,0.0,0.0,1,0
514,CASH_IN,120938.96,C1843453903,7344267.18,7465206.15,C1510036608,1385051.92,1264112.96,0,0
186,CASH_OUT,63388.77,C53789768,20667.0,0.0,C1750147064,0.0,63388.77,0,0
375,CASH_IN,22002.83,C110198043,8736.0,30738.83,C460382935,12155771.47,12133768.64,0,0
547,TRANSFER,594471.04,C1886207550,594471.04,0.0,C1120946694,0.0,0.0,1,0
11,CASH_OUT,239671.92,C2126540545,0.0,0.0,C399194578,1067846.53,867539.63,0,0
187,CASH_OUT,285534.71,C1899041024,0.0,0.0,C2083080556,492816.69,778351.4,0,0
261,CASH_OUT,407446.33,C1321635537,5072.0,0.0,C881731923,658054.52,1065500.85,0,0
17,PAYMENT,9415.27,C1848837317,326549.68,317134.41,M652288137,0.0,0.0,0,0
238,TRANSFER,1530.84,C1164568984,1530.84,0.0,C940250916,0.0,0.0,1,0
408,CASH_OUT,257105.09,C740720518,15254.28,0.0,C1058169470,413485.41,670590.5,0,0
279,PAYMENT,3091.54,C1929179652,0.0,0.0,M2084355421,0.0,0.0,0,0
284,CASH_OUT,105805.14,C1496511061,0.0,0.0,C1644959312,461392.38,567197.52,0,0
157,PAYMENT,47579.96,C1149220668,3455.83,0.0,M271129417,0.0,0.0,0,0
304,CASH_IN,212009.21,C1119201756,9848166.05,10060175.26,C190900003,240286.4,28277.19,0,0
235,CASH_IN,139037.74,C972176021,19927962.09,20066999.83,C891031090,756124.08,617086.33,0,0
231,PAYMENT,34548.48,C941171690,10955.0,0.0,M540097525,0.0,0.0,0,0
307,CASH_OUT,262460.35,C252616674,7985.0,0.0,C1575233524,4395556.08,4658016.43,0,0
35,PAYMENT,13532.34,C1522689236,19976.0,6443.66,M1681196418,0.0,0.0,0,0
405,CASH_IN,95081.32,C1274233532,11259.0,106340.32,C1286711147,1484727.67,1389646.35,0,0
140,CASH_IN,91227.13,C2012122676,2917310.01,3008537.13,C1960762685,176767.86,85540.73,0,0
249,PAYMENT,21038.13,C798673678,21139.0,100.87,M1831300085,0.0,0.0,0,0
139,CASH_OUT,128309.46,C409807483,1213.0,0.0,C1253529502,145262.2,273571.66,0,0
183,CASH_OUT,289946.14,C1689370687,1670.0,0.0,C544949590,5177624.01,5467570.15,0,0
43,CASH_OUT,7311.26,C535097996,2538.19,0.0,C1159315292,805000.76,812312.02,0,0
179,PAYMENT,2763.95,C369381763,0.0,0.0,M1855720924,0.0,0.0,0,0
156,CASH_OUT,12778.65,C932048970,36972.0,24193.35,C448370661,0.0,12778.65,0,0
352,CASH_OUT,195700.15,C805126694,0.0,0.0,C95428711,234852.19,430552.34,0,0
204,DEBIT,3018.49,C59958106,0.0,0.0,C599323983,119429.18,122447.67,0,0
371,TRANSFER,231281.4,C1722502499,0.0,0.0,C1805922371,2714973.19,2946254.6,0,0
10,CASH_OUT,523510.85,C206943082,152395.61,0.0,C1064143575,9155.42,532666.27,0,0
201,CASH_IN,4636.69,C150935879,7716240.4,7720877.08,C1216719695,370754.78,366118.09,0,0
140,CASH_IN,65109.51,C2110925872,433501.0,498610.51,C775709079,451521.35,1285148.47,0,0
393,CASH_IN,289108.79,C84681243,3146385.81,3435494.61,C1879890813,1313525.15,1024416.36,0,0
153,PAYMENT,2000.01,C97753756,229875.26,227875.25,M1952334533,0.0,0.0,0,0
14,CASH_OUT,302913.62,C399806005,0.0,0.0,C975650387,320391.06,623304.67,0,0
514,CASH_OUT,115597.45,C1219866517,0.0,0.0,C1436889772,384227.09,499824.55,0,0
134,PAYMENT,63218.13,C658402643,35851.0,0.0,M1329944177,0.0,0.0,0,0
298,PAYMENT,13755.11,C960939322,0.0,0.0,M2113995479,0.0,0.0,0,0
648,CASH_OUT,774868.1,C1516959235,774868.1,0.0,C1812639726,131877.41,906745.51,1,0
404,PAYMENT,54475.63,C1546147464,0.0,0.0,M116929367,0.0,0.0,0,0
565,TRANSFER,364715.24,C1929279421,364715.24,0.0,C921819400,0.0,0.0,1,0
33,PAYMENT,828.18,C519528433,0.0,0.0,M785337211,0.0,0.0,0,0
335,PAYMENT,3642.04,C211892090,30764.0,27121.96,M1967942179,0.0,0.0,0,0
373,CASH_OUT,152314.49,C1045010197,152314.49,0.0,C1827976569,144953.35,297267.84,1,0
18,CASH_OUT,397658.64,C1567611392,20609.0,0.0,C1185582492,878828.41,1276487.06,0,0
458,CASH_OUT,167806.93,C964445001,167806.93,0.0,C1195194203,0.0,167806.93,1,0
157,TRANSFER,1397162.15,C717731676,1397162.15,0.0,C572895729,0.0,0.0,1,0
189,CASH_IN,197099.75,C639910965,71045.0,268144.75,C14641975,0.0,0.0,0,0
400,CASH_OUT,404502.29,C1463049548,50095.0,0.0,C1114906584,915081.47,1319583.76,0,0
308,PAYMENT,34041.04,C409678808,0.0,0.0,M1072476178,0.0,0.0,0,0
137,PAYMENT,10248.64,C62999174,159267.62,149018.98,M948188654,0.0,0.0,0,0
381,PAYMENT,8255.76,C1669284294,0.0,0.0,M797329628,0.0,0.0,0,0
303,TRANSFER,634013.64,C616367866,0.0,0.0,C966279624,2663296.1,3297309.74,0,0
186,CASH_OUT,72348.92,C1259243211,0.0,0.0,C2114225471,2191188.44,2263537.36,0,0
37,PAYMENT,5635.52,C101654170,607704.76,602069.24,M418597612,0.0,0.0,0,0
280,CASH_OUT,142096.08,C731315514,99285.0,0.0,C1094789795,289359.1,431455.18,0,0
286,CASH_OUT,103124.43,C1442918145,103124.43,0.0,C911664273,0.0,103124.43,1,0
351,CASH_IN,504021.81,C182083546,7740984.11,8245005.92,C2020519226,2767887.64,2263865.83,0,0
493,CASH_IN,82112.91,C405582803,2340489.49,2422602.4,C2075736903,930704.38,848591.47,0,0
378,TRANSFER,230786.25,C294665653,0.0,0.0,C713897752,330436.06,561222.31,0,0
14,PAYMENT,21363.55,C1028748628,279.0,0.0,M1145942429,0.0,0.0,0,0
403,PAYMENT,4103.07,C1533163845,50981.66,46878.59,M315219189,0.0,0.0,0,0
210,PAYMENT,3871.15,C1108192350,34929.56,31058.42,M1320067320,0.0,0.0,0,0
619,CASH_OUT,945131.71,C1366832046,945131.71,0.0,C1275965910,0.0,945131.71,1,0
401,PAYMENT,5737.41,C349338196,924346.0,918608.59,M1416051919,0.0,0.0,0,0
332,PAYMENT,19945.53,C980035313,0.0,0.0,M754625645,0.0,0.0,0,0
412,TRANSFER,571163.03,C250523545,571163.03,0.0,C1652699189,0.0,0.0,1,0
332,PAYMENT,12011.77,C1743926592,54173.75,42161.98,M92291997,0.0,0.0,0,0
136,CASH_IN,90760.35,C1822710632,6299719.99,6390480.34,C2082083030,3231356.96,3140596.61,0,0
215,PAYMENT,16728.55,C398657714,51660.0,34931.45,M531275396,0.0,0.0,0,0
336,CASH_OUT,964388.1,C186550452,964388.1,0.0,C2061604304,572484.42,1536872.53,1,0
12,CASH_OUT,149668.66,C227115333,0.0,0.0,C460735540,44170.11,193838.76,1,0
87,TRANSFER,114339.1,C702109004,114339.1,0.0,C1385287774,0.0,0.0,1,0
353,CASH_OUT,147058.21,C1300412821,0.0,0.0,C1680468635,2756619.74,2903677.95,0,0
638,CASH_OUT,7788725.2,C1897380922,7788725.2,0.0,C966109219,26829584.15,34618309.35,1,0
37,CASH_IN,122403.71,C676660772,432629.0,555032.71,C1066897794,586295.67,507533.95,0,0
139,PAYMENT,11850.07,C1043043697,0.0,0.0,M1875636790,0.0,0.0,0,0
162,CASH_IN,179692.83,C221003652,5015159.21,5194852.04,C92149103,402066.09,222373.26,0,0
414,CASH_OUT,10000000.0,C2071282373,10000000.0,0.0,C803763593,0.0,10000000.0,1,0
153,CASH_IN,388592.89,C188058987,183066.0,571658.89,C1518843004,1974830.31,1586237.41,0,0
732,TRANSFER,311832.17,C65054182,311832.17,0.0,C833307608,0.0,0.0,1,0
131,CASH_OUT,124604.38,C530074253,0.0,0.0,C1217378991,2499683.29,2624287.67,0,0
133,CASH_OUT,312843.45,C642552378,600.0,0.0,C863334953,774312.57,1087156.02,0,0
138,CASH_OUT,316925.11,C443855137,4164.0,0.0,C1168056969,11406.0,0.0,0,0
345,PAYMENT,6852.7,C554829596,19841.0,12988.3,M1812604946,0.0,0.0,0,0
250,CASH_OUT,128544.3,C706918963,203446.0,74901.7,C258789558,1143539.6,1272083.91,0,0
308,CASH_IN,41898.33,C708654302,88720.0,130618.33,C872062157,2111803.83,2069905.49,0,0
155,CASH_IN,613397.49,C247595122,61829.0,675226.49,C1769623896,374684.95,0.0,0,0
355,CASH_IN,364024.78,C1519005418,5787515.47,6151540.25,C1575061848,865766.46,501741.68,0,0
46,PAYMENT,4536.8,C568859031,2569.68,0.0,M1356424602,0.0,0.0,0,0
286,PAYMENT,8679.37,C1399536950,821.0,0.0,M740512003,0.0,0.0,0,0
281,PAYMENT,11042.98,C796333267,74917.0,63874.02,M138102276,0.0,0.0,0,0
256,PAYMENT,2183.71,C1559857182,0.0,0.0,M1687609566,0.0,0.0,0,0
210,PAYMENT,11143.62,C334142237,10331.0,0.0,M1867081082,0.0,0.0,0,0
357,CASH_IN,59690.27,C678868497,7162962.67,7222652.95,C2039520239,128150.98,68460.71,0,0
159,CASH_OUT,197373.25,C2137666722,141466.0,0.0,C514656771,0.0,197373.25,0,0
137,CASH_OUT,96214.89,C48007148,428010.0,331795.11,C616672166,0.0,96778.04,0,0
464,CASH_OUT,1506795.1,C1504023425,1506795.1,0.0,C538717920,39851.76,1546646.86,1,0
347,CASH_OUT,266776.46,C1559671,7043.0,0.0,C167977253,1290525.42,1557301.88,0,0
307,CASH_IN,164650.22,C290828528,70856.0,235506.22,C471594271,0.0,0.0,0,0
14,CASH_OUT,110122.09,C1858479358,0.0,0.0,C1052777733,1170677.37,1031339.73,0,0
155,PAYMENT,27165.09,C994811801,208975.18,181810.09,M100077446,0.0,0.0,0,0
505,PAYMENT,19898.75,C375678971,20756.0,857.25,M786649101,0.0,0.0,0,0
346,CASH_IN,277737.6,C1362708691,997693.03,1275430.63,C1393511062,809552.2,531814.6,0,0
164,CASH_OUT,175267.61,C979923889,175267.61,0.0,C1018310032,73374.37,248641.98,1,0
330,TRANSFER,275359.08,C1677548158,0.0,0.0,C961091701,3144280.78,3419639.86,0,0
299,PAYMENT,4681.56,C1977654596,27660.0,22978.44,M1818193250,0.0,0.0,0,0
208,TRANSFER,164519.7,C1482849004,164519.7,0.0,C122914320,0.0,0.0,1,0
437,TRANSFER,16207.04,C730998900,16207.04,0.0,C1043597983,0.0,0.0,1,0
684,CASH_OUT,72419.89,C1194598127,6876.26,0.0,C962950882,138765.09,211184.98,0,0
544,TRANSFER,295701.9,C176510096,0.0,0.0,C900814285,1136881.04,1432582.95,0,0
140,PAYMENT,4586.74,C873502766,0.0,0.0,M1083996484,0.0,0.0,0,0
289,CASH_OUT,37974.85,C45718211,37974.85,0.0,C1371920863,939922.78,977897.62,1,0
185,CASH_IN,181303.25,C901022279,10850276.82,11031580.07,C1426317832,2919862.39,2738559.14,0,0
305,CASH_IN,128343.72,C1212267348,13389335.02,13517678.74,C1672519469,4023571.45,3895227.73,0,0
34,CASH_OUT,291047.64,C1712343959,0.0,0.0,C1149213193,2412073.44,2557442.16,0,0
375,PAYMENT,3841.96,C1126898937,463503.71,459661.75,M1808939377,0.0,0.0,0,0
131,CASH_OUT,124764.59,C1080451440,35024.0,0.0,C13184375,1795558.29,1920322.87,0,0
42,PAYMENT,3524.75,C147761760,17805.67,14280.92,M202918800,0.0,0.0,0,0
299,PAYMENT,13709.32,C1937797053,0.0,0.0,M235807740,0.0,0.0,0,0
84,TRANSFER,4830219.15,C58626602,4830219.15,0.0,C1366192319,0.0,0.0,1,0
201,TRANSFER,16182.7,C782494245,16182.7,0.0,C699173824,0.0,0.0,1,0
514,PAYMENT,661.32,C987123882,0.0,0.0,M638496297,0.0,0.0,0,0
39,PAYMENT,5611.22,C496154666,0.0,0.0,M143045798,0.0,0.0,0,0
373,CASH_OUT,223396.14,C1294185779,0.0,0.0,C136356616,4086434.15,4309830.28,0,0
326,PAYMENT,25947.74,C557132355,199645.0,173697.26,M2059265906,0.0,0.0,0,0
542,PAYMENT,909.45,C1749880867,1518.0,608.55,M1325531893,0.0,0.0,0,0
281,TRANSFER,556720.82,C1352632732,556720.82,0.0,C1169865879,0.0,0.0,1,0
330,CASH_OUT,91658.87,C921709556,0.0,0.0,C1974758915,365524.79,457183.67,0,0
384,TRANSFER,136903.9,C1899752414,136903.9,0.0,C273852737,0.0,0.0,1,0
393,PAYMENT,8576.11,C1083284555,0.0,0.0,M563216962,0.0,0.0,0,0
700,CASH_OUT,635409.32,C1495290660,635409.32,0.0,C1551587601,1500157.41,2135566.73,1,0
10,PAYMENT,454.78,C295902668,213735.55,213280.77,M1279379498,0.0,0.0,0,0
182,TRANSFER,87994.56,C1456880062,303260.57,215266.01,C423215302,128210.45,216205.01,0,0
263,PAYMENT,57.91,C198518239,86804.75,86746.83,M1201150367,0.0,0.0,0,0
235,CASH_IN,122706.71,C461919176,19912834.78,20035541.48,C1795779923,2569642.77,2446936.06,0,0
370,CASH_IN,227886.01,C518607361,9991121.36,10219007.37,C1932721953,709117.85,481231.84,0,0
183,CASH_OUT,15724.71,C1923956537,0.0,0.0,C452570736,2477730.75,2493455.46,0,0
237,CASH_OUT,108.95,C1215549099,0.0,0.0,C1369952678,297684.94,297793.88,0,0
369,PAYMENT,8638.05,C534017841,0.0,0.0,M1785703954,0.0,0.0,0,0
208,CASH_OUT,122067.62,C1678242563,21330.0,0.0,C1608110960,2651454.12,2773521.74,0,0
309,CASH_OUT,105272.42,C113473709,117078.0,11805.58,C66518887,12689.47,117961.89,0,0
230,CASH_OUT,672023.32,C123976379,362211.0,0.0,C2043509960,6103.36,678126.68,0,0
705,PAYMENT,10460.2,C675670786,127525.58,117065.38,M1498780742,0.0,0.0,0,0
202,TRANSFER,192061.81,C128555712,0.0,0.0,C668479966,653549.82,845611.63,0,0
394,CASH_OUT,137556.59,C1764125020,28731.0,0.0,C571191819,0.0,137556.59,0,0
684,PAYMENT,7736.86,C1322751179,275653.47,267916.6,M129791305,0.0,0.0,0,0
326,CASH_IN,58854.5,C1844832299,4390370.07,4449224.58,C1019906043,629248.87,570394.36,0,0
403,CASH_IN,292547.8,C127911108,7925287.79,8217835.6,C826920522,5390502.87,5097955.07,0,0
375,CASH_IN,94675.93,C231277242,7988014.08,8082690.01,C834458122,14449802.51,14355126.58,0,0
325,PAYMENT,2456.27,C516868212,56264.07,53807.8,M887503486,0.0,0.0,0,0
15,CASH_IN,293783.24,C561279905,334566.0,628349.24,C306477372,392328.67,98545.43,0,0
154,CASH_OUT,15254.57,C59818611,3066.0,0.0,C1050130498,195163.7,210418.28,0,0
133,CASH_OUT,617624.79,C1814524324,10516.0,0.0,C282944182,0.0,617624.79,0,0
93,TRANSFER,269545.63,C1904367873,269545.63,0.0,C156002993,0.0,0.0,1,0
178,PAYMENT,887.65,C2030216219,2939.0,2051.35,M1996708785,0.0,0.0,0,0
306,CASH_IN,266439.13,C145725303,604262.0,870701.13,C517296574,119123.05,0.0,0,0
715,CASH_OUT,1390048.67,C1067753985,1390048.67,0.0,C1479628852,167999.27,1558047.94,1,0
56,TRANSFER,1932200.59,C1448304922,1932200.59,0.0,C1082976131,0.0,0.0,1,0
259,CASH_OUT,119080.21,C1844268937,593.0,0.0,C1474357339,657561.66,776641.87,0,0
196,CASH_OUT,1221900.21,C379155103,1221900.21,0.0,C836948657,0.0,1221900.21,1,0
41,PAYMENT,9024.82,C969607392,0.0,0.0,M1396780299,0.0,0.0,0,0
203,CASH_IN,55235.29,C1663261511,74942.0,130177.29,C131078422,1232815.6,1454697.55,0,0
599,PAYMENT,7938.5,C765328295,50848.0,42909.5,M694967165,0.0,0.0,0,0
210,CASH_IN,32387.49,C874789255,7489689.59,7522077.08,C307737771,1131422.27,1099034.78,0,0
254,CASH_OUT,317526.29,C1447912368,99866.0,0.0,C688200281,725705.01,1043231.3,0,0
160,CASH_OUT,178692.61,C1194413829,0.0,0.0,C245289282,420155.56,598848.17,0,0
238,PAYMENT,17661.75,C1742335841,231392.34,213730.58,M1885805970,0.0,0.0,0,0
188,CASH_IN,330522.8,C1771774231,7947011.43,8277534.23,C1587770954,1932885.82,1683346.97,0,0
20,PAYMENT,2848.87,C2046585251,385059.76,382210.88,M267729782,0.0,0.0,0,0
694,CASH_OUT,257811.92,C569133281,257811.92,0.0,C2004617547,1786927.08,2044739.0,1,0
402,CASH_OUT,347200.59,C2105762497,0.0,0.0,C879781582,2791167.9,3453561.26,0,0
500,PAYMENT,6583.84,C967617656,9444.14,2860.3,M2001742729,0.0,0.0,0,0
11,CASH_OUT,173380.17,C1211436994,0.0,0.0,C1568275166,688488.04,1090644.49,0,0
403,CASH_OUT,53390.17,C634136406,1098.0,0.0,C61614137,62208.22,115598.39,0,0
541,CASH_OUT,2629417.41,C903487655,2629417.41,0.0,C1853529603,0.0,2629417.41,1,0
722,TRANSFER,1158396.74,C2062360147,1158396.74,0.0,C1873402307,0.0,0.0,1,0
403,CASH_OUT,169833.28,C1108368423,0.0,0.0,C735540383,3647001.34,3816834.63,0,0
137,PAYMENT,26954.54,C718206126,131104.69,104150.14,M1343266433,0.0,0.0,0,0
581,CASH_OUT,2562459.56,C1439743203,2562459.56,0.0,C1986745369,0.0,2562459.56,1,0
14,PAYMENT,23829.89,C830202616,0.0,0.0,M1387709176,0.0,0.0,0,0
234,TRANSFER,470922.15,C386926753,470922.15,0.0,C527524225,0.0,0.0,1,0
344,CASH_OUT,272997.35,C1617762204,272997.35,0.0,C649293371,0.0,272997.35,1,0
259,DEBIT,1567.35,C583835625,423.0,0.0,C226243679,347267.38,348834.74,0,0
370,CASH_OUT,1822772.73,C628490839,1822772.73,0.0,C107223532,0.0,2004899.07,1,0
183,PAYMENT,16607.5,C669178649,183560.53,166953.03,M1292489945,0.0,0.0,0,0
309,CASH_IN,296975.8,C1007880435,4840113.98,5137089.79,C552471970,1464587.84,1167612.04,0,0
209,PAYMENT,11492.86,C1487837640,18608.22,7115.36,M717847274,0.0,0.0,0,0
236,CASH_OUT,18860.83,C714087774,550042.0,531181.17,C730589556,1697821.08,1716681.92,0,0
690,TRANSFER,230981.07,C1714507087,30290.0,0.0,C377496000,971766.2,1202747.27,0,0
226,CASH_IN,178430.49,C1915886862,2005410.32,2183840.81,C1941941620,5969843.7,5791413.21,0,0
19,CASH_IN,358110.62,C900846597,2305751.47,2663862.09,C685274040,5495420.52,5137309.91,0,0
235,CASH_IN,137202.32,C904435276,4248411.34,4385613.66,C1729663560,4433089.99,4295887.67,0,0
166,PAYMENT,134.55,C234849021,28002.0,27867.45,M1710136243,0.0,0.0,0,0
156,CASH_IN,187559.98,C285375685,11630.0,199189.98,C1137350304,285663.34,98103.36,0,0
351,CASH_OUT,251325.7,C1179222580,0.0,0.0,C879076875,349626.37,600952.07,0,0
211,TRANSFER,157137.97,C195008073,157137.97,0.0,C390992716,0.0,0.0,1,0
203,CASH_IN,102810.18,C2085617250,6667629.59,6770439.77,C1598154875,211589.88,108779.7,0,0
181,CASH_IN,97393.88,C586867144,21158.0,118551.88,C1450865987,0.0,0.0,0,0
523,TRANSFER,7603589.38,C1672263305,7603589.38,0.0,C1495920841,0.0,0.0,1,0
228,PAYMENT,19849.9,C2012602830,0.0,0.0,M738761146,0.0,0.0,0,0
44,CASH_IN,6395.61,C250239649,20764.0,27159.61,C1999837656,2700560.48,2694164.87,0,0
165,PAYMENT,5831.72,C1373417056,0.0,0.0,M145595493,0.0,0.0,0,0
18,CASH_OUT,59658.56,C2072067238,0.0,0.0,C769528997,81537.96,22695.47,0,0
590,PAYMENT,3082.15,C1586406132,0.0,0.0,M1105582933,0.0,0.0,0,0
623,CASH_OUT,296156.97,C1706729494,296156.97,0.0,C1382749859,1385822.34,1681979.31,1,0
360,PAYMENT,31442.17,C1006548437,35857.29,4415.12,M1062428894,0.0,0.0,0,0
269,CASH_OUT,1314897.11,C2028485449,1314897.11,0.0,C1970513105,0.0,1314897.11,1,0
613,TRANSFER,86002.09,C1114344856,86002.09,0.0,C942119622,0.0,0.0,1,0
405,PAYMENT,954.31,C334933742,0.0,0.0,M1989518444,0.0,0.0,0,0
353,PAYMENT,1347.12,C1301574050,26331.0,24983.88,M1680188136,0.0,0.0,0,0
251,TRANSFER,219944.97,C1272971486,175.0,0.0,C1532669613,155408.88,375353.85,0,0
9,TRANSFER,276653.75,C1427658930,0.0,0.0,C892015394,364673.04,641326.8,0,0
397,CASH_OUT,66430.96,C256407745,5014.0,0.0,C489326905,677067.28,743498.25,0,0
396,PAYMENT,9978.38,C517321843,19877.0,9898.62,M186308097,0.0,0.0,0,0
284,CASH_OUT,176632.73,C648107222,12291.0,0.0,C1981603284,588992.79,765625.51,0,0
178,CASH_IN,112006.69,C75630964,20591.0,132597.69,C1835988678,32448.75,0.0,0,0
93,PAYMENT,2540.55,C73932646,338.0,0.0,M1598973340,0.0,0.0,0,0
705,CASH_OUT,255226.87,C2075234168,26409.0,0.0,C545383075,270285.13,525512.0,0,0
415,CASH_OUT,224230.16,C1055929140,224230.16,0.0,C645291473,427065.03,651295.19,1,0
128,CASH_OUT,310873.76,C1571315901,310873.76,0.0,C842642744,489009.18,799882.93,1,0
229,TRANSFER,510807.68,C1935729563,62901.0,0.0,C1167297040,0.0,510807.68,0,0
181,CASH_OUT,247444.1,C228574628,10196.0,0.0,C2044762345,85274.05,544801.41,0,0
356,CASH_OUT,65389.57,C886768999,0.0,0.0,C1329567414,1003407.27,1068796.84,0,0
387,TRANSFER,10000000.0,C373820487,29110884.44,19110884.44,C839316822,0.0,0.0,1,0
353,CASH_OUT,26325.97,C1106968428,26014.0,0.0,C407714498,0.0,26325.97,0,0
235,CASH_IN,125936.92,C1721551977,7460757.66,7586694.58,C581415324,914286.96,788350.04,0,0
561,TRANSFER,615954.92,C114731289,615954.92,0.0,C236726278,0.0,0.0,1,0
208,CASH_OUT,17662.62,C532555242,119394.0,101731.38,C452872510,734533.9,752196.52,0,0
36,PAYMENT,17318.81,C1076038940,3205.0,0.0,M1892390255,0.0,0.0,0,0
664,CASH_OUT,84771.55,C528998506,84771.55,0.0,C1971161098,1016318.82,1101090.37,1,0
265,PAYMENT,466.77,C248610687,20510.0,20043.23,M1369043825,0.0,0.0,0,0
458,TRANSFER,167806.93,C1165837899,167806.93,0.0,C2049883242,0.0,0.0,1,0
356,TRANSFER,288157.19,C2034262937,54461.0,0.0,C1934572710,1082451.22,1370608.41,0,0
335,PAYMENT,2479.5,C1026699669,0.0,0.0,M1557292668,0.0,0.0,0,0
187,CASH_IN,188688.32,C1632309944,46451.0,235139.32,C673279027,22519.72,0.0,0,0
11,CASH_OUT,576972.4,C1883441080,14513.0,0.0,C854671988,271588.6,354126.25,0,0
310,PAYMENT,10962.05,C889973683,202005.0,191042.95,M1432558678,0.0,0.0,0,0
8,PAYMENT,20996.68,C1259780697,0.0,0.0,M1362397723,0.0,0.0,0,0
256,CASH_OUT,32342.22,C1789495534,0.0,0.0,C351946569,431767.32,464109.54,0,0
193,CASH_IN,113205.48,C232854399,7113334.47,7226539.95,C88479851,402693.71,289488.24,0,0
12,PAYMENT,1400.8,C1490630892,2069.15,668.35,M2008377632,0.0,0.0,0,0
306,TRANSFER,499803.67,C1317063184,0.0,0.0,C364598716,2764420.86,3264224.53,0,0
379,CASH_OUT,731.47,C660519844,0.0,0.0,C1618226678,179103.71,179835.19,0,0
140,CASH_OUT,306113.25,C1419156782,0.0,0.0,C1421192075,5389164.46,5695277.71,0,0
178,CASH_OUT,15265.6,C1362878075,0.0,0.0,C1652735570,189390.33,204655.94,0,0
252,CASH_OUT,391895.94,C1139098152,20859.0,0.0,C1912228696,55408.99,447304.93,0,0
227,PAYMENT,5978.91,C104082892,314972.2,308993.29,M1739271128,0.0,0.0,0,0
164,CASH_OUT,235975.4,C922038047,35337.0,0.0,C1225864741,429518.36,760148.19,0,0
355,CASH_OUT,82056.93,C1889062830,6491.0,0.0,C98678762,0.0,82056.93,0,0
10,CASH_OUT,420857.79,C369730541,0.0,0.0,C422007654,1239943.71,1949723.1,0,0
133,CASH_OUT,227143.44,C1449903528,39375.0,0.0,C1539709242,0.0,228040.99,0,0
17,PAYMENT,14518.71,C688196601,0.0,0.0,M563709473,0.0,0.0,0,0
520,PAYMENT,26836.69,C285820859,0.0,0.0,M1089371551,0.0,0.0,0,0
324,PAYMENT,23006.55,C224440621,125886.0,102879.45,M1157452888,0.0,0.0,0,0
326,CASH_OUT,332562.86,C257812275,20101.0,0.0,C1351823372,141228.98,473791.83,0,0
331,CASH_OUT,250759.01,C1661293125,976.0,0.0,C1167320521,2848.91,253607.92,0,0
254,CASH_IN,44569.64,C1769271139,1816082.58,1860652.22,C2040530279,63777.09,19207.46,0,0
670,CASH_IN,23248.7,C1960720774,5472544.37,5495793.07,C1392323732,183294.8,160046.11,0,0
251,CASH_OUT,373853.59,C1613164237,2947.0,0.0,C143741766,0.0,373853.59,0,0
398,CASH_OUT,291543.24,C1059273296,51621.0,0.0,C1065599955,296215.98,587759.22,0,0
11,TRANSFER,1429244.13,C1465341128,138671.0,0.0,C534273616,100354.0,1361022.37,0,0
396,CASH_OUT,34069.8,C517387012,0.0,0.0,C1503370826,679435.31,713505.11,0,0
338,CASH_OUT,143340.15,C1451066476,143340.15,0.0,C91478894,459383.83,602723.98,1,0
415,TRANSFER,13659.45,C1238777492,13659.45,0.0,C873898487,0.0,0.0,1,0
231,CASH_OUT,193969.26,C383156842,0.0,0.0,C2110376461,204475.74,398445.0,0,0
18,PAYMENT,15469.64,C1738767344,1027.0,0.0,M588127299,0.0,0.0,0,0
129,CASH_IN,289450.05,C1094111664,50569.0,340019.05,C1204971026,310347.13,20897.07,0,0
137,PAYMENT,6207.65,C1050777478,0.0,0.0,M534799335,0.0,0.0,0,0
212,PAYMENT,5926.81,C848076707,622069.0,616142.19,M1069677757,0.0,0.0,0,0
258,CASH_OUT,191883.68,C794252798,0.0,0.0,C91538557,2969394.3,3161277.98,0,0
227,TRANSFER,176007.37,C1086380273,176007.37,0.0,C1708357030,0.0,0.0,1,0
42,PAYMENT,32330.82,C821653842,0.0,0.0,M190588857,0.0,0.0,0,0
250,PAYMENT,26091.69,C1774537545,25315.0,0.0,M292461770,0.0,0.0,0,0
594,CASH_OUT,173712.25,C2051537102,99616.66,0.0,C490093101,2252912.54,2426624.8,0,0
346,TRANSFER,276470.78,C1870389093,0.0,0.0,C1337892076,698745.16,975215.94,0,0
332,CASH_IN,544409.83,C1077247411,1069833.65,1614243.48,C1122446723,757393.46,212983.63,0,0
373,TRANSFER,379857.54,C1347067741,142612.16,0.0,C110556224,614051.97,993909.51,0,0
232,PAYMENT,5607.96,C573077376,0.0,0.0,M1161050775,0.0,0.0,0,0
380,CASH_IN,257359.81,C1548858740,11661982.8,11919342.61,C1096534368,2502343.4,2244983.58,0,0
303,PAYMENT,12448.52,C1566113727,0.0,0.0,M810709408,0.0,0.0,0,0
378,PAYMENT,16978.44,C95909145,0.0,0.0,M706521246,0.0,0.0,0,0
154,CASH_IN,7809.03,C833348670,7983777.58,7991586.61,C38736021,1364866.56,1357057.52,0,0
331,CASH_IN,117573.95,C1124276633,93683.0,211256.95,C1791906044,29951.67,0.0,0,0
266,CASH_OUT,10000000.0,C1096385925,10000000.0,0.0,C1423246212,499610.16,10499610.16,1,0
186,CASH_IN,116995.43,C745909269,21634900.6,21751896.03,C1716221561,1715993.62,1984061.6,0,0
82,TRANSFER,5338583.38,C194251863,5338583.38,0.0,C280536388,0.0,0.0,1,0
413,TRANSFER,786278.72,C1379900917,786278.72,0.0,C491276227,0.0,0.0,1,0
286,PAYMENT,7944.57,C632717153,9050.0,1105.43,M1883260588,0.0,0.0,0,0
155,PAYMENT,5454.5,C1030498983,0.0,0.0,M1474731045,0.0,0.0,0,0
395,PAYMENT,25811.16,C1346672617,0.0,0.0,M1820392734,0.0,0.0,0,0
252,CASH_OUT,143918.19,C1556335478,20464.0,0.0,C612720045,0.0,143918.19,0,0
42,CASH_OUT,44626.01,C2058733554,0.0,0.0,C1965245761,4853757.63,4898383.64,0,0
356,CASH_OUT,18944.48,C1151309742,9930.0,0.0,C1804378209,451060.65,470005.13,0,0
276,PAYMENT,935.09,C854839948,77987.87,77052.79,M306891649,0.0,0.0,0,0
157,PAYMENT,18201.03,C621997976,0.0,0.0,M2079215488,0.0,0.0,0,0
299,TRANSFER,2393617.27,C1645162959,76781.0,0.0,C1518038086,103538.6,2497155.87,0,0
351,CASH_OUT,491238.12,C17077116,642.0,0.0,C2122193544,868279.91,1359518.03,0,0
595,PAYMENT,9904.25,C1771950593,1177.67,0.0,M21085564,0.0,0.0,0,0
38,CASH_OUT,170022.6,C2050103799,11661.0,0.0,C1226558253,356466.92,699221.66,0,0
19,CASH_OUT,43389.51,C450996268,12868.0,0.0,C1673918373,42655.25,243270.71,0,0
262,PAYMENT,805.72,C872868982,105360.0,104554.28,M492277973,0.0,0.0,0,0
370,CASH_OUT,120854.19,C275561007,186453.31,65599.11,C908722349,306054.43,426908.62,0,0
131,CASH_OUT,247538.38,C1711335659,0.0,0.0,C139152318,547385.83,794924.2,0,0
399,PAYMENT,4433.56,C1788644394,0.0,0.0,M604114715,0.0,0.0,0,0
379,PAYMENT,13808.85,C1376736443,0.0,0.0,M1053069890,0.0,0.0,0,0
189,TRANSFER,358529.2,C2049488051,358529.2,0.0,C43121788,0.0,0.0,1,0
593,CASH_OUT,125146.75,C1198861647,125146.75,0.0,C490114096,1820417.69,1945564.44,1,0
183,PAYMENT,13430.57,C688877746,174839.62,161409.04,M866274539,0.0,0.0,0,0
228,CASH_IN,253295.02,C519400606,51377.0,304672.02,C119799905,0.0,0.0,0,0
276,PAYMENT,11648.21,C234974447,31259.0,19610.79,M1278440806,0.0,0.0,0,0
202,CASH_OUT,245238.99,C933385154,0.0,0.0,C1268244358,1018621.84,1263860.82,0,0
184,CASH_IN,30227.9,C1896488174,3452534.8,3482762.7,C664306882,74793.33,44565.42,0,0
40,PAYMENT,1555.08,C148892915,0.0,0.0,M780859878,0.0,0.0,0,0
131,CASH_OUT,507077.56,C1481139918,30727.0,0.0,C544380486,1443662.16,1950739.72,0,0
300,PAYMENT,17136.66,C558625987,0.0,0.0,M1252024396,0.0,0.0,0,0
402,CASH_IN,114532.94,C861505337,5180171.3,5294704.24,C833321516,535141.17,420608.23,0,0
303,PAYMENT,40409.79,C293453296,198770.0,158360.21,M1874184651,0.0,0.0,0,0
379,CASH_OUT,105929.14,C1863230277,84468.28,0.0,C1748220516,551758.34,657687.48,0,0
261,PAYMENT,5276.8,C562891015,106187.0,100910.2,M1627376247,0.0,0.0,0,0
370,CASH_OUT,283976.3,C1853423819,283976.3,0.0,C487915581,41606.6,325582.9,1,0
131,CASH_OUT,26310.31,C1240552133,25254.0,0.0,C1720383410,2659013.68,2685323.98,0,0
301,CASH_IN,30186.68,C783699527,1530234.04,1560420.72,C1712499899,75410.01,45223.33,0,0
258,CASH_OUT,2684142.41,C1423321917,2684142.41,0.0,C1442224179,209538.74,2893681.15,1,0
33,TRANSFER,214975.9,C304547800,214975.9,0.0,C155793474,0.0,0.0,1,0
304,CASH_OUT,182395.03,C1596310258,30270.0,0.0,C1465896918,533041.32,715436.35,0,0
163,PAYMENT,10950.01,C457409168,358.0,0.0,M1551162239,0.0,0.0,0,0
132,CASH_OUT,98023.45,C874095296,0.0,0.0,C66935866,125945.53,223968.98,0,0
280,CASH_OUT,64021.92,C2056248435,5007.0,0.0,C2111752918,2272853.3,2336875.23,0,0
331,CASH_OUT,275345.05,C179262596,9027.0,0.0,C1461420578,0.0,275345.05,0,0
376,CASH_IN,55066.5,C1299910888,3111618.81,3166685.31,C466184777,6527625.92,6472559.42,0,0
306,PAYMENT,15173.58,C223825284,331825.53,316651.96,M1392332966,0.0,0.0,0,0
36,CASH_OUT,98311.83,C2045777283,59847.0,0.0,C2012749385,16346.0,511387.13,0,0
207,CASH_OUT,438578.58,C1542635565,19827.0,0.0,C2018658885,8548074.47,8986653.06,0,0
43,PAYMENT,13957.49,C1372620689,269.0,0.0,M604885165,0.0,0.0,0,0
232,PAYMENT,18519.88,C561259294,0.0,0.0,M1574790845,0.0,0.0,0,0
396,PAYMENT,22329.71,C79696175,0.0,0.0,M584425644,0.0,0.0,0,0
205,PAYMENT,10444.81,C1916153323,30878.0,20433.19,M700167801,0.0,0.0,0,0
332,PAYMENT,11969.49,C1991551114,0.0,0.0,M1530062095,0.0,0.0,0,0
179,CASH_IN,52970.94,C1034875175,4540499.04,4593469.98,C2014203356,2123103.77,2070132.83,0,0
277,PAYMENT,4425.66,C123518050,84637.85,80212.19,M1451133277,0.0,0.0,0,0
283,CASH_IN,132099.58,C2109224777,14003.0,146102.58,C944073827,308961.97,176862.39,0,0
236,CASH_OUT,266105.03,C1675506624,0.0,0.0,C468843882,518330.25,784435.29,0,0
275,PAYMENT,20035.37,C1483221100,161140.28,141104.91,M1276391007,0.0,0.0,0,0
378,CASH_IN,427163.59,C1686934443,13546075.38,13973238.97,C1390083098,677494.61,250331.02,0,0
38,CASH_IN,226541.21,C1732492132,27606.99,254148.21,C578581122,331307.82,104766.6,0,0
163,CASH_OUT,160105.22,C672164147,19311.0,0.0,C1005557138,514811.51,674916.73,0,0
189,CASH_OUT,234080.87,C1509501909,16335.0,0.0,C1701305206,747933.39,982014.26,0,0
15,CASH_OUT,481221.07,C555222151,0.0,0.0,C14070792,1770092.18,2711017.51,0,0
253,PAYMENT,6403.91,C1060396513,323112.81,316708.9,M860727813,0.0,0.0,0,0
41,PAYMENT,12256.83,C1023614991,49837.0,37580.17,M1949563558,0.0,0.0,0,0
213,PAYMENT,6019.68,C86334065,21051.0,15031.32,M2027017010,0.0,0.0,0,0
138,CASH_OUT,139687.28,C2079788035,248638.0,108950.72,C1852970576,0.0,139687.28,0,0
571,CASH_IN,529897.98,C1728786338,18615.0,548512.98,C624122709,86577.16,0.0,0,0
177,CASH_IN,55558.12,C2023184777,18473.0,74031.12,C219569910,17601609.9,17546051.77,0,0
214,CASH_IN,349544.44,C576875706,5622880.39,5972424.84,C974723191,989108.92,639564.47,0,0
15,CASH_OUT,335988.74,C219468718,5287.0,0.0,C656097742,3184314.34,3489672.22,0,0
544,CASH_IN,32114.29,C172831824,229892.0,262006.29,C1864200741,721164.16,689049.87,0,0
10,PAYMENT,5087.93,C612019706,51016.0,45928.07,M1506839493,0.0,0.0,0,0
146,CASH_OUT,554522.67,C293955297,554522.67,0.0,C585602438,40399.91,594922.57,1,0
299,PAYMENT,24325.95,C40336151,54247.0,29921.05,M1225360597,0.0,0.0,0,0
379,CASH_IN,229660.53,C1116635607,6667187.91,6896848.44,C530870065,776758.48,547097.95,0,0
229,CASH_OUT,426934.12,C40404035,0.0,0.0,C1882243854,1090584.73,1517518.86,0,0
305,CASH_IN,259647.04,C520527203,11202651.21,11462298.24,C1496685387,1484507.01,1224859.98,0,0
348,PAYMENT,2900.73,C2003833090,12602.37,9701.64,M577996898,0.0,0.0,0,0
142,PAYMENT,25212.17,C192972361,29504.0,4291.83,M2012040121,0.0,0.0,0,0
429,CASH_IN,14435.92,C200382104,2363250.77,2377686.68,C856412134,1543124.93,1528689.02,0,0
140,CASH_OUT,170853.1,C1079821698,1327.0,0.0,C261033090,637348.68,808201.78,0,0
184,CASH_OUT,234787.57,C864946919,0.0,0.0,C1975372725,1554579.67,2051034.32,0,0
394,CASH_OUT,164688.63,C1099596532,17678.0,0.0,C673952435,0.0,164688.63,0,0
203,PAYMENT,8696.95,C659410721,0.0,0.0,M436752761,0.0,0.0,0,0
15,PAYMENT,10931.98,C111464843,2279.0,0.0,M207555701,0.0,0.0,0,0
283,CASH_IN,67645.11,C455113083,107784.0,175429.11,C2093579998,0.0,0.0,0,0
181,PAYMENT,19076.75,C2088610171,0.0,0.0,M1740418310,0.0,0.0,0,0
262,PAYMENT,8434.68,C915806470,29490.0,21055.32,M1393823135,0.0,0.0,0,0
14,CASH_OUT,180739.28,C2013946060,201742.0,21002.72,C210970463,546705.17,904461.51,0,0
305,PAYMENT,2281.24,C2137549263,83277.0,80995.76,M2133962537,0.0,0.0,0,0
132,CASH_IN,16295.24,C1675281927,20008.0,36303.24,C1604201182,1324337.96,1308042.72,0,0
378,CASH_OUT,184198.67,C821808243,9560.0,0.0,C683891649,27335318.46,27519517.13,0,0
355,TRANSFER,3592596.97,C15678402,3592596.97,0.0,C1208224272,0.0,0.0,1,0
238,PAYMENT,804.55,C193630361,10677.0,9872.45,M424565520,0.0,0.0,0,0
331,PAYMENT,6846.82,C1709927428,250999.6,244152.78,M733011718,0.0,0.0,0,0
298,CASH_OUT,361162.72,C268938252,0.0,0.0,C2089270530,366198.31,727361.03,0,0
380,CASH_OUT,58068.48,C666894501,0.0,0.0,C444498296,92369.82,150438.3,0,0
158,CASH_IN,88371.92,C1097369959,4824339.5,4912711.41,C1524400759,597188.92,771430.33,0,0
211,CASH_OUT,137673.03,C1093206841,0.0,0.0,C1531606489,2608751.6,2746424.62,0,0
11,CASH_IN,112794.77,C1386266983,2805793.28,2918588.05,C256902273,200099.4,87304.63,0,0
326,CASH_OUT,96621.76,C1507049021,0.0,0.0,C1309818608,4320967.7,4417589.46,0,0
283,CASH_OUT,119218.02,C1446306368,31722.0,0.0,C1480313688,0.0,119218.02,0,0
657,CASH_OUT,2333929.91,C1995017402,2333929.91,0.0,C1613053666,14968753.24,17302683.16,1,0
177,PAYMENT,5142.94,C24768082,0.0,0.0,M2035454703,0.0,0.0,0,0
163,CASH_IN,9066.51,C729962470,6611707.44,6620773.95,C1129467798,2320909.08,2486460.78,0,0
277,PAYMENT,3719.02,C1174782846,0.0,0.0,M1270743862,0.0,0.0,0,0
399,PAYMENT,23010.35,C1868592193,0.0,0.0,M996689466,0.0,0.0,0,0
231,CASH_OUT,118377.64,C1795022462,0.0,0.0,C1797881788,964869.6,1083247.25,0,0
714,CASH_IN,36572.22,C447975539,3575.0,40147.22,C1462970769,0.0,0.0,0,0
379,CASH_OUT,4445514.2,C812001868,4445514.2,0.0,C126759793,910628.33,5356142.53,1,0
130,PAYMENT,11313.25,C1240722194,5708.0,0.0,M47509043,0.0,0.0,0,0
217,TRANSFER,538312.05,C640532730,538312.05,0.0,C1898517729,0.0,0.0,1,0
299,TRANSFER,2882504.9,C943087840,36139.0,0.0,C1156763532,0.0,2882504.9,0,0
260,CASH_OUT,20550.65,C356464559,0.0,0.0,C1370433404,58077.12,78627.77,0,0
376,CASH_IN,139113.14,C1322073347,1048443.23,1187556.38,C254421617,316830.48,177717.33,0,0
399,CASH_IN,92568.63,C1023738495,7350637.68,7443206.31,C453478657,647299.85,554731.22,0,0
182,TRANSFER,1486052.97,C204628834,1486052.97,0.0,C1711881431,0.0,0.0,1,0
18,CASH_IN,5867.34,C948333695,47096.0,52963.34,C879358386,91405.0,297627.16,0,0
404,CASH_OUT,38159.13,C1112388565,296.0,0.0,C350727102,11048177.23,11086336.36,0,0
232,CASH_OUT,297138.06,C976005760,0.0,0.0,C1124188401,857493.6,1154631.66,0,0
284,CASH_IN,118896.92,C536700297,20820230.71,20939127.63,C966500276,1741826.9,1622929.98,0,0
377,CASH_IN,50843.91,C2131837313,3480901.67,3531745.59,C1383273691,2679492.82,2628648.9,0,0
159,CASH_IN,211149.95,C618615336,2846032.06,3057182.01,C1389167934,247840.64,36690.69,0,0
671,CASH_OUT,0.0,C1960007029,0.0,0.0,C459118517,27938.72,27938.72,1,0
259,CASH_IN,105371.62,C1786296579,35722.0,141093.62,C1115803700,11938086.2,11832714.58,0,0
275,CASH_IN,426933.08,C883216477,10498607.17,10925540.24,C715283428,4333328.69,3906395.61,0,0
526,PAYMENT,166.15,C1186551630,318.0,151.85,M786040850,0.0,0.0,0,0
255,CASH_IN,26053.59,C1508338803,564770.94,590824.53,C1000527360,136083.95,110030.36,0,0
594,CASH_OUT,76081.91,C1368412226,30902.0,0.0,C1730242592,0.0,76081.91,0,0
131,CASH_OUT,271506.96,C1418622287,15956.0,0.0,C1598002267,1894597.33,2166104.29,0,0
665,TRANSFER,866712.19,C2071265703,866712.19,0.0,C1234810608,0.0,0.0,1,0
192,CASH_OUT,66285.39,C1087347293,251.0,0.0,C908663377,2661838.2,2728123.59,0,0
370,PAYMENT,12654.18,C388979738,20199.0,7544.82,M792125917,0.0,0.0,0,0
164,CASH_OUT,156680.23,C1514896781,20155.0,0.0,C565450574,4036.59,160716.82,0,0
41,TRANSFER,204861.2,C1387946682,0.0,0.0,C662807989,311425.96,516287.17,0,0
336,PAYMENT,2697.18,C971209846,0.0,0.0,M820714650,0.0,0.0,0,0
350,CASH_OUT,71876.45,C642508101,206.0,0.0,C257423935,340559.63,412436.08,0,0
309,CASH_OUT,94190.17,C1986444617,48982.0,0.0,C586651370,10395263.27,10489453.44,0,0
402,CASH_OUT,13809.25,C1442898144,5925.0,0.0,C607463394,5767991.1,5781800.35,0,0
43,CASH_IN,347994.54,C2069713766,29409472.43,29757466.96,C1659677941,429154.51,91995.06,0,0
180,CASH_OUT,379582.82,C1138248905,0.0,0.0,C1233295208,752148.79,1131731.61,0,0
461,TRANSFER,125153.57,C1460980455,125153.57,0.0,C698942634,0.0,0.0,1,0
253,CASH_OUT,89489.24,C947972730,21321.0,0.0,C149460046,844762.26,934251.5,0,0
733,TRANSFER,57543.34,C1164351211,57543.34,0.0,C1595140561,0.0,0.0,1,0
254,CASH_OUT,279396.42,C1404923902,7084.0,0.0,C1770878693,1127424.53,1406820.94,0,0
209,TRANSFER,501245.76,C1739129727,2981.36,0.0,C703255933,736545.84,1237791.6,0,0
595,PAYMENT,17682.37,C1584120815,5030.0,0.0,M570045861,0.0,0.0,0,0
236,PAYMENT,9657.79,C1681784570,15027.0,5369.21,M294386125,0.0,0.0,0,0
282,PAYMENT,6986.74,C88511703,0.0,0.0,M1045607308,0.0,0.0,0,0
281,CASH_IN,87081.05,C2127841714,40597.0,127678.05,C608567557,649432.32,562351.27,0,0
329,CASH_OUT,22175.8,C882764451,0.0,0.0,C1526988434,2655091.77,2677267.57,0,0
138,CASH_OUT,1522.69,C256605404,0.0,0.0,C1218900236,102900.37,104423.06,0,0
394,CASH_OUT,262344.09,C1619727956,51782.0,0.0,C324682638,372911.07,635255.16,0,0
304,PAYMENT,18569.26,C2019878588,34517.26,15948.0,M1783960923,0.0,0.0,0,0
380,PAYMENT,3085.3,C842243109,21072.07,17986.77,M774370626,0.0,0.0,0,0
33,CASH_OUT,320783.72,C1478740194,72086.0,0.0,C470488093,54167.2,374950.91,0,0
281,CASH_IN,400431.53,C1010235779,13990024.24,14390455.77,C1497852512,8953767.93,8553336.4,0,0
281,CASH_OUT,7133.97,C1197449290,7133.97,0.0,C1092639004,123209.16,130343.13,1,0
517,PAYMENT,26874.37,C530897437,111.0,0.0,M230558043,0.0,0.0,0,0
208,PAYMENT,1453.38,C69159759,10635.0,9181.62,M113824741,0.0,0.0,0,0
184,PAYMENT,3761.67,C1149996942,0.0,0.0,M1276429904,0.0,0.0,0,0
161,CASH_IN,186539.51,C21231236,8110.0,194649.51,C1579243227,0.0,0.0,0,0
255,PAYMENT,11542.35,C432129595,135556.02,124013.68,M537462742,0.0,0.0,0,0
254,PAYMENT,2841.57,C241835653,0.0,0.0,M635211972,0.0,0.0,0,0
527,PAYMENT,3661.04,C1207982874,41703.0,38041.96,M1978194149,0.0,0.0,0,0
283,PAYMENT,2916.31,C1498033302,70029.35,67113.05,M959648234,0.0,0.0,0,0
206,CASH_OUT,139148.28,C1968514851,16692.0,0.0,C792750545,0.0,139148.28,0,0
426,CASH_OUT,99804.21,C832632407,99804.21,0.0,C608557779,77105.84,176910.05,1,0
41,PAYMENT,10341.85,C855125336,13689.0,3347.15,M2125625277,0.0,0.0,0,0
206,PAYMENT,3895.82,C1610518867,21772.0,17876.18,M436180209,0.0,0.0,0,0
14,CASH_IN,135021.15,C777640919,99475.0,234496.15,C600315314,120605.31,377570.55,0,0
444,CASH_OUT,10000000.0,C1855594531,10000000.0,0.0,C301687974,185609.51,10185609.51,1,0
741,TRANSFER,48442.88,C1112979339,48442.88,0.0,C2114078084,0.0,0.0,1,0
281,CASH_IN,569506.49,C1900725604,8128094.3,8697600.8,C1286054728,3095956.45,2526449.95,0,0
184,CASH_IN,43160.2,C1069907461,22075124.85,22118285.05,C444663393,153358.29,110198.1,0,0
688,CASH_IN,150151.24,C528758831,71042.0,221193.24,C293415872,917460.06,767308.82,0,0
403,PAYMENT,2570.06,C554696509,0.0,0.0,M1591667279,0.0,0.0,0,0
133,CASH_IN,23403.79,C2131037090,3896127.54,3919531.32,C1699157880,366814.19,343410.4,0,0
39,CASH_OUT,7937954.2,C1581001485,7937954.2,0.0,C2012612648,2716480.56,10654434.76,1,0
191,PAYMENT,3734.97,C1005646481,0.0,0.0,M1001559373,0.0,0.0,0,0
203,CASH_OUT,56797.4,C1606287104,52408.0,0.0,C187818649,1613507.27,1717145.04,0,0
500,PAYMENT,7993.21,C508066893,0.0,0.0,M1098038291,0.0,0.0,0,0
730,TRANSFER,1665334.68,C1901678626,1665334.68,0.0,C223228023,0.0,0.0,1,0
222,CASH_OUT,1388774.78,C1239064572,1388774.78,0.0,C634051834,411942.91,1800717.69,1,0
250,PAYMENT,10314.58,C498645249,20784.0,10469.42,M712715032,0.0,0.0,0,0
214,PAYMENT,2520.57,C1295377684,529849.0,527328.43,M1300418026,0.0,0.0,0,0
242,CASH_OUT,121509.2,C1577542102,589040.18,467530.99,C1202147445,624073.69,745582.89,0,0
133,PAYMENT,23400.22,C1824730662,567933.0,544532.78,M2042247279,0.0,0.0,0,0
308,TRANSFER,858293.69,C1121719853,1552.0,0.0,C1268488026,218137.35,1076431.03,0,0
210,PAYMENT,2812.11,C1098153493,92397.62,89585.51,M1018076497,0.0,0.0,0,0
59,CASH_OUT,1011606.26,C754293523,1011606.26,0.0,C1247187194,0.0,1011606.26,1,0
299,PAYMENT,55994.59,C43446534,39982.0,0.0,M459947751,0.0,0.0,0,0
183,TRANSFER,2241830.51,C1794829657,0.0,0.0,C2042285913,4812152.64,7053983.15,0,0
132,CASH_IN,424298.16,C1115924561,729814.0,1154112.16,C217885882,210973.53,0.0,0,0
704,TRANSFER,1722892.9,C538400340,1722892.9,0.0,C1674262851,0.0,0.0,1,0
393,CASH_IN,121363.3,C1302722977,51092.0,172455.3,C360560728,1662509.61,1541146.31,0,0
656,CASH_OUT,110528.53,C2014517092,110528.53,0.0,C1002952732,600331.95,710860.48,1,0
130,CASH_OUT,38305.97,C1985410241,132537.0,94231.03,C1158558469,415063.9,118627.73,0,0
259,CASH_OUT,141617.69,C313003199,114815.92,0.0,C141410250,5160439.75,5302057.44,0,0
262,TRANSFER,81002.44,C565557200,0.0,0.0,C858294265,1596078.02,1677080.45,0,0
158,TRANSFER,428926.55,C1831104353,0.0,0.0,C62229477,1372950.9,1801877.45,0,0
495,CASH_OUT,1301090.39,C1072584456,1301090.39,0.0,C672563653,3049015.55,4350105.94,1,0
18,TRANSFER,13152.46,C488805889,8847.0,0.0,C1646164448,0.0,13152.46,0,0
467,TRANSFER,636942.02,C747042147,636942.02,0.0,C310235538,0.0,0.0,1,0
161,CASH_OUT,73982.61,C1568479909,14887.0,0.0,C436959092,0.0,73982.61,0,0
94,PAYMENT,2400.61,C440459649,5104.0,2703.39,M1607148042,0.0,0.0,0,0
12,PAYMENT,2049.94,C1121056720,532406.45,530356.51,M1511285574,0.0,0.0,0,0
399,PAYMENT,29298.96,C1653721442,6208.0,0.0,M944738209,0.0,0.0,0,0
550,PAYMENT,11304.63,C2033701865,0.0,0.0,M1938034979,0.0,0.0,0,0
324,CASH_IN,199067.51,C85575748,21954.0,221021.51,C1071718305,1040091.0,841023.49,0,0
376,PAYMENT,12124.08,C2138063063,0.0,0.0,M1556454774,0.0,0.0,0,0
327,PAYMENT,56395.78,C302452856,0.0,0.0,M1897584469,0.0,0.0,0,0
179,PAYMENT,2319.58,C1203785451,62105.23,59785.65,M1827660053,0.0,0.0,0,0
226,CASH_OUT,195708.55,C556303887,195708.55,0.0,C1248449720,5705050.51,5900759.07,1,0
12,TRANSFER,980095.47,C585394949,0.0,0.0,C201312827,3790013.73,4770109.2,0,0
415,TRANSFER,23236.49,C1376272223,23236.49,0.0,C684942483,0.0,0.0,1,0
661,CASH_OUT,10000000.0,C2037423136,10000000.0,0.0,C1464217009,110409.52,10110409.52,1,0
213,CASH_IN,89580.49,C1738077059,48669.0,138249.49,C1344523114,0.0,0.0,0,0
41,CASH_IN,268664.03,C2119079803,90704.0,359368.03,C984275614,2424.68,0.0,0,0
401,PAYMENT,6351.13,C55254588,0.0,0.0,M1249817554,0.0,0.0,0,0
536,CASH_OUT,844213.81,C1857315735,844213.81,0.0,C541525278,0.0,844213.81,1,0
331,CASH_OUT,438810.0,C1403496140,612.0,0.0,C2117060963,0.0,438810.0,0,0
614,PAYMENT,8047.18,C490350020,49590.0,41542.82,M973015838,0.0,0.0,0,0
730,CASH_OUT,10000000.0,C1868631555,10000000.0,0.0,C1100933050,0.0,10000000.0,1,0
156,PAYMENT,10121.41,C720181827,0.0,0.0,M1692878572,0.0,0.0,0,0
163,CASH_IN,131423.33,C191253322,0.0,131423.33,C1111981410,761594.47,630171.14,0,0
258,PAYMENT,3581.62,C820376179,397663.0,394081.38,M1537090264,0.0,0.0,0,0
208,CASH_IN,156568.67,C1040628844,5043.0,161611.67,C1742570828,663847.61,507278.94,0,0
365,TRANSFER,155799.82,C673298372,155799.82,0.0,C1666814997,0.0,0.0,1,0
595,CASH_OUT,335094.53,C133235498,335094.53,0.0,C975263460,2507566.66,2842661.18,1,0
42,TRANSFER,1168686.11,C192503227,41438.0,0.0,C750785039,56741.55,1225427.66,0,0
165,PAYMENT,23800.36,C1717870168,94380.32,70579.95,M1044549872,0.0,0.0,0,0
145,PAYMENT,7268.25,C20468049,11038.0,3769.75,M1166818577,0.0,0.0,0,0
213,PAYMENT,17408.06,C938124973,0.0,0.0,M1061038590,0.0,0.0,0,0
108,CASH_OUT,566142.89,C501067498,566142.89,0.0,C2079441909,1344558.46,1910701.34,1,0
276,CASH_OUT,98316.45,C723229694,0.0,0.0,C715607678,1729632.31,1827948.76,0,0
44,PAYMENT,844.93,C1774816847,57038.97,56194.04,M2039185857,0.0,0.0,0,0
10,PAYMENT,23272.08,C175489964,11238.0,0.0,M1970995369,0.0,0.0,0,0
41,PAYMENT,3667.97,C1719977054,236805.69,233137.72,M134173375,0.0,0.0,0,0
279,CASH_IN,251976.11,C379038883,4594505.43,4846481.54,C1421675092,2033951.81,1781975.7,0,0
13,PAYMENT,3528.95,C667193625,498594.59,495065.63,M1505056592,0.0,0.0,0,0
18,PAYMENT,8589.16,C1363091342,0.0,0.0,M769159896,0.0,0.0,0,0
18,CASH_IN,76624.18,C410955459,165391.0,242015.18,C1864702455,0.0,0.0,0,0
335,PAYMENT,1402.84,C672878424,20551.0,19148.16,M498063142,0.0,0.0,0,0
439,PAYMENT,4842.6,C1821854259,18814.0,13971.4,M1898036114,0.0,0.0,0,0
401,PAYMENT,16869.37,C1771082239,0.0,0.0,M343537800,0.0,0.0,0,0
42,CASH_OUT,1566057.28,C1496808239,1566057.28,0.0,C737489499,0.0,1566057.28,1,0
371,CASH_OUT,390593.45,C1299238586,0.0,0.0,C32152196,466264.1,856857.55,0,0
15,PAYMENT,939.98,C321912451,0.0,0.0,M1318769230,0.0,0.0,0,0
329,PAYMENT,25532.7,C1638172511,6732.09,0.0,M98621978,0.0,0.0,0,0
204,PAYMENT,5638.79,C2139825429,0.0,0.0,M1834374365,0.0,0.0,0,0
380,CASH_OUT,6677.54,C1930640447,0.0,0.0,C1838040303,53593.53,60271.07,0,0
259,CASH_OUT,48345.0,C1372005770,850.0,0.0,C1042559765,584066.05,632411.05,0,0
38,CASH_IN,114157.82,C1092031803,2858108.43,2972266.24,C1645453948,240557.49,126399.67,0,0
326,CASH_OUT,378765.67,C732936468,0.0,0.0,C805909433,1428184.38,1806950.06,0,0
325,CASH_IN,176691.05,C1630018745,4274105.51,4450796.56,C311435009,5908033.92,5731342.87,0,0
349,CASH_OUT,58603.49,C22859971,25553.0,0.0,C724198929,38487.03,97090.53,0,0
232,CASH_OUT,2898.09,C944357940,2898.09,0.0,C1103826794,741450.85,744348.94,1,0
356,TRANSFER,357226.8,C820024675,357226.8,0.0,C1707005177,0.0,0.0,1,0
258,CASH_OUT,68528.04,C768718378,15071.0,0.0,C597544405,46450.23,114978.27,0,0
11,PAYMENT,675.02,C947995855,1591.0,915.98,M2019095173,0.0,0.0,0,0
322,CASH_OUT,28135.48,C1302284312,450048.0,421912.52,C1850772396,0.0,28135.48,0,0
161,TRANSFER,422698.63,C1993041185,734.0,0.0,C1730899359,0.0,652823.2,0,0
234,CASH_IN,36209.9,C1639205066,8021894.82,8058104.72,C616605902,121780.73,85570.83,0,0
348,CASH_OUT,260764.18,C1451920565,951.0,0.0,C42475905,2739630.46,3000394.63,0,0
396,CASH_IN,288445.67,C2031359807,6773567.64,7062013.31,C845606246,358845.38,70399.71,0,0
299,DEBIT,80957.91,C1661352243,28944.0,0.0,C139236198,313661.5,261579.78,0,0
208,CASH_OUT,403957.44,C838245906,0.0,0.0,C1221883499,1662266.23,2066223.67,0,0
307,CASH_IN,126698.63,C15331539,85562.52,212261.15,C1273016669,357903.7,231205.07,0,0
403,PAYMENT,9832.35,C2115791494,0.0,0.0,M1267296239,0.0,0.0,0,0
19,CASH_IN,355554.66,C1116921172,8186943.49,8542498.14,C1545800872,1572712.35,1217157.7,0,0
373,CASH_OUT,420251.91,C746114364,29808.0,0.0,C1057246416,35029.0,455280.91,0,0
245,CASH_OUT,124311.57,C1704192820,124311.57,0.0,C1482135742,116019.29,240330.86,1,0
189,TRANSFER,75179.36,C447293411,44359.0,0.0,C130172034,0.0,75179.36,0,0
161,PAYMENT,5948.36,C1187602741,567342.37,561394.01,M207330705,0.0,0.0,0,0
353,CASH_OUT,240401.17,C980862977,142518.0,0.0,C1730382350,140663.78,381064.94,0,0
335,PAYMENT,11799.19,C763331580,56737.0,44937.81,M133966540,0.0,0.0,0,0
234,CASH_OUT,294652.56,C1937560729,1226.0,0.0,C1661957089,555999.79,850652.36,0,0
21,TRANSFER,158299.34,C278180302,158299.34,0.0,C1551346623,0.0,0.0,1,0
36,PAYMENT,3564.86,C1454388027,0.0,0.0,M1718109984,0.0,0.0,0,0
399,PAYMENT,54732.38,C1378211224,15589.0,0.0,M1210204645,0.0,0.0,0,0
401,DEBIT,715.02,C217717578,0.0,0.0,C662550698,46409.93,47124.95,0,0
669,CASH_IN,297782.14,C1906909938,4519577.34,4817359.48,C1294575816,965245.66,667463.51,0,0
394,TRANSFER,1928650.48,C1206071747,6088.0,0.0,C9845686,1889145.21,3817795.69,0,0
318,TRANSFER,756426.12,C816867193,756426.12,0.0,C2118158219,0.0,0.0,1,0
277,PAYMENT,13564.17,C2028012877,73105.79,59541.62,M1364714981,0.0,0.0,0,0
404,PAYMENT,24030.56,C1611544233,0.0,0.0,M1198841740,0.0,0.0,0,0
396,CASH_OUT,234807.51,C609053023,0.0,0.0,C176183629,5308624.92,5543432.42,0,0
589,CASH_IN,157390.98,C941992335,41318.0,198708.98,C518800753,1070875.59,913484.61,0,0
301,CASH_OUT,299654.82,C1542537083,0.0,0.0,C1734984616,877902.86,1177557.68,0,0
247,TRANSFER,76646.05,C2015533974,76646.05,0.0,C110048242,0.0,0.0,1,0
331,CASH_IN,360613.71,C1097505658,145238.0,505851.71,C1113581339,80839.58,0.0,0,0
70,CASH_OUT,1036789.41,C32861099,1036789.41,0.0,C1594778194,523315.63,1560105.04,1,0
259,CASH_IN,147929.35,C723506425,79707.0,227636.35,C1119864779,273573.89,125644.54,0,0
211,PAYMENT,18077.06,C1335123138,121218.0,103140.94,M2115743244,0.0,0.0,0,0
406,CASH_IN,23775.1,C955155756,4799051.8,4822826.9,C1433767168,2210105.37,2186330.27,0,0
514,CASH_OUT,10880.26,C1316740417,10880.26,0.0,C665634935,746738.69,757618.95,1,0
13,PAYMENT,11676.32,C611399998,2566.0,0.0,M1029072920,0.0,0.0,0,0
321,CASH_OUT,526787.54,C17858706,526787.54,0.0,C756639057,2422.53,563605.43,1,0
13,PAYMENT,3431.32,C843334494,568782.43,565351.11,M902024014,0.0,0.0,0,0
310,PAYMENT,18726.35,C1994448574,19712.0,985.65,M147328079,0.0,0.0,0,0
41,TRANSFER,222503.55,C1153335807,106415.0,0.0,C978740207,14635240.64,14857744.18,0,0
225,CASH_OUT,6429.13,C558047182,11982.0,5552.87,C2007629180,205932.33,212361.45,0,0
43,CASH_IN,112655.41,C393847073,253306.83,365962.24,C970829361,638167.9,525512.49,0,0
370,PAYMENT,13023.4,C455084844,104946.0,91922.6,M121233793,0.0,0.0,0,0
131,PAYMENT,1001.87,C1954007505,41799.89,40798.01,M625186017,0.0,0.0,0,0
319,TRANSFER,92545.17,C1699397290,92545.17,0.0,C495812513,0.0,0.0,1,0
33,CASH_OUT,243851.54,C1132254871,0.0,0.0,C685376527,854370.27,1098221.8,0,0
286,CASH_IN,95035.4,C718573915,3087.0,98122.4,C560215492,0.0,0.0,0,0
718,CASH_OUT,1293595.52,C1545616572,1293595.52,0.0,C1503189539,0.0,1293595.52,1,0
396,CASH_OUT,110164.73,C1812818214,71075.98,0.0,C1089508382,266361.45,376526.18,0,0
300,CASH_OUT,142041.78,C866657611,109797.0,0.0,C618765270,0.0,142041.78,0,0
206,CASH_OUT,10182.1,C1567755067,0.0,0.0,C751326403,196200.9,206382.99,0,0
159,TRANSFER,446352.08,C173782817,25811.0,0.0,C1010237533,1127883.19,1574235.26,0,0
307,CASH_IN,64842.84,C1821097704,26052.0,90894.84,C537790602,4538454.9,4473612.07,0,0
347,PAYMENT,22286.52,C1641610866,61321.0,39034.48,M1401115411,0.0,0.0,0,0
305,PAYMENT,17358.79,C1244704756,0.0,0.0,M2094842541,0.0,0.0,0,0
379,CASH_OUT,348098.19,C809214467,0.0,0.0,C857294026,2577389.18,2925487.38,0,0
253,PAYMENT,8693.17,C456596048,0.0,0.0,M1964305144,0.0,0.0,0,0
402,CASH_OUT,25201.28,C815977646,0.0,0.0,C1434859550,442645.1,467846.37,0,0
397,CASH_OUT,382152.56,C73833438,23124.0,0.0,C697016859,1059449.17,1441601.73,0,0
139,PAYMENT,3676.82,C33420233,0.0,0.0,M1282385921,0.0,0.0,0,0
251,CASH_OUT,156087.67,C1066827014,36930.0,0.0,C1251505003,262285.38,418373.04,0,0
37,CASH_OUT,75020.89,C1503251957,0.0,0.0,C1388596522,286040.66,361061.55,0,0
46,CASH_IN,159428.12,C1737011936,6221653.32,6381081.44,C1115201732,504371.08,344942.96,0,0
397,CASH_OUT,40433.84,C1570947686,40433.84,0.0,C264905244,138722.95,179156.79,1,0
273,CASH_OUT,245498.48,C567540781,13916.0,0.0,C1623316057,801553.12,1047051.6,0,0
184,PAYMENT,6529.81,C1911145425,9971.0,3441.19,M1397560059,0.0,0.0,0,0
303,CASH_IN,319409.49,C626280142,7222400.68,7541810.18,C831775261,5789480.17,5470070.68,0,0
661,CASH_IN,467315.67,C1048349361,3791541.56,4258857.23,C408803417,3497092.43,3029776.76,0,0
45,TRANSFER,155761.29,C280136890,155761.29,0.0,C927108992,0.0,0.0,1,0
356,CASH_OUT,124083.77,C1832485993,0.0,0.0,C1485494947,158079.06,282162.83,0,0
602,TRANSFER,1976666.45,C1329135302,1976666.45,0.0,C14438406,0.0,0.0,1,0
43,PAYMENT,2857.31,C1276669015,156963.0,154105.69,M1062444313,0.0,0.0,0,0
404,CASH_OUT,343084.61,C829934606,0.0,0.0,C1872170706,1084460.54,1427545.15,0,0
322,PAYMENT,59368.28,C4655556,0.0,0.0,M1620391597,0.0,0.0,0,0
17,CASH_OUT,515814.64,C558196403,0.0,0.0,C1122524668,2427722.8,3026547.47,0,0
129,CASH_OUT,273851.28,C1026364499,0.0,0.0,C672907787,485691.93,759543.21,0,0
380,CASH_OUT,2784.51,C1421116236,2784.51,0.0,C1258126361,4927905.98,4930690.49,1,0
231,CASH_OUT,105080.35,C1606701810,105080.35,0.0,C671140271,1949100.08,2054180.43,1,0
39,PAYMENT,4322.25,C1957366742,55615.09,51292.83,M265203567,0.0,0.0,0,0
212,CASH_OUT,143927.54,C1308398323,4096.0,0.0,C1699828394,1854207.44,1998134.98,0,0
255,TRANSFER,301156.61,C2097776175,0.0,0.0,C921159120,665353.84,966510.44,0,0
349,CASH_OUT,103119.06,C36193620,0.0,0.0,C206548687,3832726.96,4234657.89,0,0
285,CASH_IN,169370.33,C86996939,5387157.61,5556527.94,C1416319101,931325.13,761954.8,0,0
234,CASH_OUT,168413.37,C150146918,73.0,0.0,C1531798460,184771.66,353185.03,0,0
372,CASH_IN,128607.75,C589984862,448.0,129055.75,C407275484,0.0,0.0,0,0
236,PAYMENT,9175.79,C1692331282,0.0,0.0,M277966198,0.0,0.0,0,0
400,CASH_OUT,612582.28,C490162162,0.0,0.0,C1432458964,9480527.07,10093109.36,0,0
35,PAYMENT,4143.32,C841190412,0.0,0.0,M2085998470,0.0,0.0,0,0
327,TRANSFER,11660696.02,C1649396060,0.0,0.0,C374628695,12283680.07,23944376.09,0,0
10,TRANSFER,503405.88,C1446009472,503405.88,0.0,C2010733400,0.0,0.0,1,0
345,CASH_OUT,18623.35,C1895152384,0.0,0.0,C87905285,810159.16,828782.51,0,0
596,CASH_IN,181345.42,C1767267777,1712324.79,1893670.21,C1958602201,1645697.94,1464352.52,0,0
599,TRANSFER,306675.37,C557227834,306675.37,0.0,C1797206393,0.0,0.0,1,0
398,PAYMENT,19026.27,C351677885,0.0,0.0,M1756169764,0.0,0.0,0,0
684,CASH_IN,117429.42,C1541835239,236151.0,353580.42,C864744317,1963.08,0.0,0,0
249,TRANSFER,10000000.0,C2071602509,11306690.61,1306690.61,C39886288,0.0,0.0,1,0
254,PAYMENT,9497.01,C1017216437,0.0,0.0,M17259170,0.0,0.0,0,0
250,TRANSFER,895364.09,C1747301756,20199.0,0.0,C1198429384,348239.04,1243603.13,0,0
204,CASH_OUT,67586.49,C311925084,9953.0,0.0,C1091253148,0.0,67586.49,0,0
161,TRANSFER,808183.09,C164906182,122926.0,0.0,C982967517,51503.35,859686.44,0,0
160,CASH_OUT,10000000.0,C525906402,10000000.0,0.0,C43869769,2145275.47,12145275.47,1,0
233,PAYMENT,1620.69,C1010012112,589297.52,587676.83,M1524101713,0.0,0.0,0,0
119,CASH_OUT,1082718.08,C1700746062,1082718.08,0.0,C2094758732,0.0,1082718.08,1,0
160,CASH_OUT,216382.95,C1439397142,1465.0,0.0,C2090688399,347729.93,564112.88,0,0
687,CASH_OUT,37910.01,C907223706,21250.0,0.0,C2045091427,0.0,37910.01,0,0
393,CASH_IN,94645.33,C1425970479,221830.0,316475.33,C1484721456,2997084.52,2902439.19,0,0
259,CASH_OUT,314808.6,C73310902,0.0,0.0,C1299909889,2433385.09,2748193.7,0,0
379,PAYMENT,10110.56,C515043030,598.0,0.0,M290876200,0.0,0.0,0,0
215,CASH_OUT,42885.05,C1171395414,0.0,0.0,C903471562,1091513.36,1134398.42,0,0
240,PAYMENT,11299.62,C1373894029,187008.12,175708.49,M1839548954,0.0,0.0,0,0
212,CASH_IN,142201.55,C1917424496,5082.0,147283.55,C1725581282,7263509.51,7121307.96,0,0
299,CASH_OUT,186287.72,C2098153096,272712.0,86424.28,C1736487039,771364.22,957651.94,0,0
715,CASH_OUT,41781.52,C571291780,20837.0,0.0,C307265065,237929.93,279711.44,0,0
42,CASH_IN,112233.87,C665632105,7186.0,119419.87,C856303196,0.0,0.0,0,0
250,CASH_OUT,185543.73,C17218496,0.0,0.0,C1156771761,254598.45,440142.18,0,0
19,PAYMENT,8711.65,C1461471680,0.0,0.0,M1017886621,0.0,0.0,0,0
154,CASH_IN,102954.01,C954190616,7766.0,110720.01,C1098502263,0.0,0.0,0,0
354,CASH_IN,52686.01,C975358189,2402553.43,2455239.44,C880966746,350140.87,297454.86,0,0
395,CASH_OUT,214811.99,C1594285156,509.0,0.0,C715668449,4445956.19,4660768.19,0,0
351,CASH_OUT,312166.01,C1070577438,12725.0,0.0,C1172940329,0.0,312166.01,0,0
251,CASH_IN,341744.65,C1946212871,874001.66,1215746.3,C1858710304,422202.88,80458.23,0,0
301,PAYMENT,68128.69,C1959019229,0.0,0.0,M1263167958,0.0,0.0,0,0
36,CASH_OUT,318526.22,C1459530543,0.0,0.0,C1459693562,749732.36,881836.3,0,0
260,CASH_OUT,82032.93,C681381216,349.0,0.0,C436691122,486749.64,568782.57,0,0
282,PAYMENT,5321.7,C1849862913,55440.0,50118.3,M416998771,0.0,0.0,0,0
285,PAYMENT,2481.15,C302008290,166600.0,164118.85,M2106533313,0.0,0.0,0,0
300,CASH_OUT,297215.08,C874010518,0.0,0.0,C234144292,306456.49,603671.58,0,0
185,CASH_IN,56105.13,C116642162,9262965.32,9319070.45,C68470903,86806.36,30701.22,0,0
40,PAYMENT,18072.27,C182831703,0.0,0.0,M281197980,0.0,0.0,0,0
19,CASH_IN,124549.38,C45511514,1844856.45,1969405.83,C1552389048,2359850.9,2235301.51,0,0
307,CASH_OUT,344648.11,C1317416109,20064.0,0.0,C618029038,0.0,344648.11,0,0
37,CASH_OUT,153554.62,C1022351763,0.0,0.0,C282375327,981217.18,1820021.34,0,0
401,PAYMENT,64151.22,C1936811205,0.0,0.0,M1046950515,0.0,0.0,0,0
308,TRANSFER,832054.91,C838249895,0.0,0.0,C336889916,3332467.69,4164522.6,0,0
155,PAYMENT,2707.83,C1746632301,17686.0,14978.17,M442199241,0.0,0.0,0,0
18,PAYMENT,4841.53,C1967616093,57516.0,52674.47,M355428023,0.0,0.0,0,0
18,TRANSFER,277079.32,C1908278897,0.0,0.0,C1849228113,1849094.74,3230348.26,0,0
352,CASH_OUT,20703.56,C2007855229,0.0,0.0,C1557082275,2509513.77,2530217.33,0,0
18,PAYMENT,12474.75,C116349778,0.0,0.0,M840608423,0.0,0.0,0,0
225,CASH_IN,134951.62,C244155450,2101837.59,2236789.2,C1120011237,6693652.96,6558701.34,0,0
215,PAYMENT,16248.96,C769349947,32512.0,16263.04,M1690390733,0.0,0.0,0,0
215,PAYMENT,7859.29,C1965993624,36758.0,28898.71,M1166359495,0.0,0.0,0,0
636,TRANSFER,729078.34,C1326188637,729078.34,0.0,C1097922403,0.0,0.0,1,0
45,PAYMENT,7989.02,C182270318,40461.0,32471.98,M1254963197,0.0,0.0,0,0
102,TRANSFER,46081.45,C1009233877,46081.45,0.0,C1072793235,0.0,0.0,1,0
18,CASH_IN,978732.99,C1524500232,18403165.95,19381898.94,C975904548,8036770.21,7058037.22,0,0
256,CASH_OUT,70696.74,C40915366,70696.74,0.0,C1875866923,90517.55,161214.29,1,0
43,CASH_OUT,85881.77,C1938171113,0.0,0.0,C1229323524,1978278.01,2064159.78,0,0
498,TRANSFER,142791.28,C2091936123,142791.28,0.0,C843542552,0.0,0.0,1,0
573,CASH_OUT,1298609.73,C664375770,1298609.73,0.0,C1213183928,0.0,1298609.73,1,0
302,CASH_IN,273711.18,C528862765,43283.0,316994.18,C1965305758,130589.65,0.0,0,0
258,CASH_OUT,187304.57,C691155634,0.0,0.0,C965571904,2165409.43,2352714.0,0,0
350,CASH_OUT,183295.69,C361026403,260891.99,77596.3,C2062677922,341130.07,524425.76,0,0
131,CASH_OUT,130013.9,C649150818,25565.0,0.0,C1864813093,558647.73,688661.64,0,0
322,CASH_OUT,1978.19,C68029713,0.0,0.0,C1170863958,3267804.51,3269782.7,0,0
394,CASH_IN,174573.03,C763340733,29689.0,204262.03,C228145715,378914.17,204341.14,0,0
180,PAYMENT,7200.37,C142059463,0.0,0.0,M2010960846,0.0,0.0,0,0
652,CASH_OUT,258570.41,C205274654,258570.41,0.0,C1586846066,0.0,258570.41,1,0
331,DEBIT,86.92,C227966381,6090.0,6003.08,C48297071,10897836.6,10972387.41,0,0
10,CASH_OUT,218191.14,C144934020,0.0,0.0,C2116153614,5594646.24,7237015.95,0,0
255,CASH_OUT,178537.38,C1218992418,0.0,0.0,C1916694211,234282.71,412820.09,0,0
179,CASH_IN,182979.17,C1865399581,1720506.08,1903485.25,C1106804898,2696007.29,2513028.12,0,0
44,TRANSFER,227435.42,C2044925773,11173.0,0.0,C1738276749,0.0,227435.42,0,0
41,PAYMENT,9994.3,C392493891,365070.92,355076.63,M818746369,0.0,0.0,0,0
464,TRANSFER,4640633.37,C180932654,4640633.37,0.0,C1673286866,0.0,0.0,1,0
478,CASH_IN,48367.02,C377758983,2471794.78,2520161.8,C215654564,523011.59,474644.57,0,0
14,CASH_OUT,54373.84,C841277313,0.0,0.0,C1752591265,238870.34,293244.18,0,0
34,TRANSFER,418618.79,C1143097629,0.0,0.0,C2023956452,660072.17,491806.27,0,0
231,CASH_IN,208435.26,C457666359,100383.0,308818.26,C1496665451,0.0,0.0,0,0
162,CASH_OUT,140426.56,C87602326,37713.0,0.0,C2026575532,665723.89,806150.46,0,0
65,CASH_OUT,1282971.57,C744316850,1282971.57,0.0,C1365960800,392604.6,1675576.17,1,0
280,CASH_IN,126335.68,C803538854,10405436.03,10531771.71,C677092333,4190018.53,4063682.85,0,0
393,TRANSFER,98300.76,C1191591388,0.0,0.0,C2058700160,792992.69,891293.44,0,0
488,CASH_OUT,50279.4,C732624402,50279.4,0.0,C1786899731,1108375.76,1158655.16,1,0
23,PAYMENT,6479.55,C1083339362,412.0,0.0,M874783964,0.0,0.0,0,0
328,CASH_OUT,160681.46,C2086406035,39618.0,0.0,C600723925,53014.61,213696.07,0,0
376,PAYMENT,10508.1,C122405515,0.0,0.0,M649631728,0.0,0.0,0,0
232,CASH_OUT,73875.56,C2113547668,0.0,0.0,C884034949,1386145.54,1460021.1,0,0
399,PAYMENT,685.7,C124644309,0.0,0.0,M717461100,0.0,0.0,0,0
322,CASH_OUT,8560.21,C119333542,55151.0,46590.79,C406162488,142706.71,151266.91,0,0
394,CASH_OUT,180101.4,C313753424,25163.0,0.0,C559023057,0.0,180101.4,0,0
34,PAYMENT,3419.58,C998781603,0.0,0.0,M1389347117,0.0,0.0,0,0
396,TRANSFER,560361.88,C2082764728,145048.79,0.0,C1006481395,1446977.81,2007339.69,0,0
656,CASH_OUT,46291.81,C68542606,46291.81,0.0,C1411993803,799108.3,845400.11,1,0
138,CASH_OUT,259046.29,C1348327772,12756.0,0.0,C1242342431,93458.61,352504.9,0,0
374,PAYMENT,1562.94,C222577075,143.0,0.0,M47061604,0.0,0.0,0,0
378,CASH_OUT,79888.77,C1746255300,0.0,0.0,C1542907510,594341.4,674230.17,0,0
407,CASH_OUT,48132.52,C948664431,48132.52,0.0,C1693545577,94309.66,142442.19,1,0
586,CASH_OUT,245991.5,C1152264725,245991.5,0.0,C552488033,54630.66,300622.16,1,0
256,CASH_OUT,41258.5,C1513690531,0.0,0.0,C1113228900,359246.05,400504.55,0,0
522,PAYMENT,24577.48,C556885844,0.0,0.0,M1289578018,0.0,0.0,0,0
21,PAYMENT,2067.72,C1606765008,0.0,0.0,M1378442827,0.0,0.0,0,0
303,CASH_IN,83780.52,C793579632,694556.51,778337.03,C275926201,306019.25,222238.73,0,0
163,TRANSFER,995737.27,C1861108089,51133.0,0.0,C1942291570,842094.14,1837831.41,0,0
305,CASH_IN,60745.11,C290526606,312078.73,372823.84,C1530118347,620681.75,559936.64,0,0
203,CASH_OUT,2913787.08,C2088472224,2913787.08,0.0,C1707633180,0.0,2913787.08,1,0
378,CASH_OUT,207762.77,C1252137059,0.0,0.0,C748818160,1363192.3,1568863.78,0,0
545,CASH_OUT,25854.08,C1461744408,0.0,0.0,C1713605660,11101095.93,11126950.01,0,0
43,CASH_OUT,19043.39,C111207311,8519.13,0.0,C1449617022,753352.39,697369.29,0,0
327,CASH_IN,113661.74,C1979353991,61750.0,175411.74,C1395085668,7090984.62,6977322.88,0,0
213,TRANSFER,739088.75,C760761036,1684.18,0.0,C1365285640,901580.46,1640669.21,0,0
256,CASH_IN,45143.92,C302548817,2913263.68,2958407.6,C52581537,1133918.03,2002849.71,0,0
229,TRANSFER,793616.39,C1725973232,20906.0,0.0,C768976857,3072575.56,3866191.95,0,0
397,CASH_IN,138061.57,C186568036,7811440.54,7949502.11,C1583579461,899661.05,761599.48,0,0
9,CASH_IN,64318.37,C674149612,23777426.82,23841745.18,C387901692,126731.5,0.0,0,0
163,CASH_OUT,165392.85,C581563382,14798.0,0.0,C2043523838,1471596.65,1636989.5,0,0
329,PAYMENT,9044.94,C2120635822,1546.0,0.0,M536370216,0.0,0.0,0,0
131,CASH_IN,288702.88,C12543619,2497204.96,2785907.84,C1474245356,780566.07,491863.18,0,0
204,CASH_IN,271010.67,C809973633,39499.0,310509.67,C1974487116,1755102.96,1484092.3,0,0
544,CASH_IN,284626.72,C545096613,13075.0,297701.72,C40281427,0.0,0.0,0,0
12,PAYMENT,6777.19,C325274326,0.0,0.0,M334649148,0.0,0.0,0,0
405,PAYMENT,12374.76,C807112766,5022.0,0.0,M1299685995,0.0,0.0,0,0
257,TRANSFER,724836.74,C1331891641,63032.0,0.0,C441269557,60936.25,785772.99,0,0
140,PAYMENT,15083.78,C420749132,399460.13,384376.35,M256589614,0.0,0.0,0,0
191,PAYMENT,7482.35,C118178386,46217.0,38734.65,M505484486,0.0,0.0,0,0
164,TRANSFER,71496.72,C858878109,0.0,0.0,C99614875,496292.02,567788.74,0,0
403,CASH_IN,120189.93,C658833903,73908.0,194097.93,C1545150023,614450.53,494260.61,0,0
356,PAYMENT,34946.04,C392417484,0.0,0.0,M1929718877,0.0,0.0,0,0
297,CASH_OUT,32506.3,C2079719171,63723.0,31216.7,C1079266817,2305128.58,2337634.89,0,0
227,TRANSFER,970652.0,C67611234,0.0,0.0,C1727163640,1021056.05,1991708.05,0,0
330,PAYMENT,6758.93,C1032339632,445340.59,438581.66,M1372322500,0.0,0.0,0,0
281,CASH_OUT,127909.01,C474137454,0.0,0.0,C79969196,345835.81,473744.82,0,0
41,CASH_OUT,587420.34,C1651008121,0.0,0.0,C1600099630,674297.0,1261717.34,0,0
141,CASH_IN,45465.5,C1131623569,5568035.53,5613501.03,C1689126675,46030.81,565.32,0,0
281,PAYMENT,22034.47,C1464937057,0.0,0.0,M246446253,0.0,0.0,0,0
21,CASH_IN,32082.72,C1742172753,4101986.83,4134069.55,C421736985,1735176.94,1703094.22,0,0
254,CASH_OUT,37660.67,C1183899648,0.0,0.0,C589108114,392072.15,429732.82,0,0
324,CASH_OUT,38332.31,C752313635,0.0,0.0,C2045364416,90807.43,129139.74,0,0
298,CASH_OUT,295162.94,C1499674435,0.0,0.0,C1615422667,5789947.42,6085110.36,0,0
379,CASH_OUT,56017.28,C189876624,15633.0,0.0,C293660373,1575338.6,1631355.88,0,0
372,PAYMENT,6992.83,C1527058588,666453.0,659460.17,M832552149,0.0,0.0,0,0
252,PAYMENT,69770.96,C1042485898,31313.0,0.0,M1043630723,0.0,0.0,0,0
304,CASH_IN,139455.05,C383008452,199899.0,339354.05,C285090722,505095.73,365640.67,0,0
132,CASH_IN,139824.88,C1080588872,3601973.01,3741797.89,C1706099784,348266.37,208441.48,0,0
592,TRANSFER,1013844.22,C901575984,0.0,0.0,C2075912819,1584557.65,2598401.87,0,0
309,CASH_IN,415410.79,C945821739,6773899.04,7189309.83,C541077513,5637585.88,5222175.08,0,0
375,CASH_OUT,396389.59,C629951214,102579.0,0.0,C1106756462,0.0,396389.59,0,0
225,TRANSFER,84703.87,C1821651825,84703.87,0.0,C587388242,0.0,0.0,1,0
736,TRANSFER,53315.31,C914459666,53315.31,0.0,C73348302,0.0,0.0,1,0
405,PAYMENT,17764.58,C2081028700,175774.47,158009.89,M1428159405,0.0,0.0,0,0
301,CASH_OUT,612820.48,C1890406808,0.0,0.0,C1734842036,1885257.71,2498078.19,0,0
96,PAYMENT,1154.3,C1551566516,2204.0,1049.7,M633968305,0.0,0.0,0,0
594,CASH_IN,94575.87,C1053971220,1422436.5,1517012.37,C520801987,445743.06,351167.19,0,0
617,TRANSFER,642509.94,C1574220065,0.0,0.0,C614974657,645738.16,1288248.11,0,0
207,TRANSFER,1112158.87,C1907085165,481077.0,0.0,C580145926,0.0,1112158.87,0,0
291,TRANSFER,87660.69,C1784205179,87660.69,0.0,C923245844,0.0,0.0,1,0
92,CASH_OUT,21574.55,C313908201,21574.55,0.0,C1295977505,0.0,21574.55,1,0
207,CASH_OUT,149047.45,C475162426,60828.0,0.0,C290630863,2439.87,151487.32,0,0
209,PAYMENT,9559.3,C910720918,17774.56,8215.26,M1398390232,0.0,0.0,0,0
329,CASH_IN,252297.35,C2093354157,102.0,252399.35,C636952736,731388.35,479090.99,0,0
331,CASH_OUT,27717.88,C274678838,20934.0,0.0,C194165333,107734.92,135452.8,0,0
43,CASH_OUT,140310.03,C472085299,0.0,0.0,C1234423505,3528845.9,3669155.93,0,0
404,CASH_IN,28664.5,C2098046166,30656.0,59320.5,C659269571,0.0,0.0,0,0
406,CASH_IN,136227.4,C1655449868,49542.0,185769.4,C1229934144,258300.38,122072.98,0,0
133,PAYMENT,22096.04,C460535406,71456.72,49360.68,M570984272,0.0,0.0,0,0
276,PAYMENT,1414.06,C157410480,119723.0,118308.94,M1542793383,0.0,0.0,0,0
403,PAYMENT,18177.99,C1674414812,1566.0,0.0,M923662856,0.0,0.0,0,0
184,PAYMENT,5009.4,C1864369988,5159.1,149.69,M2007378676,0.0,0.0,0,0
474,CASH_OUT,256926.48,C329779948,0.0,0.0,C216836942,3635610.93,3892537.41,0,0
333,CASH_IN,136921.13,C1417915648,3721235.16,3858156.29,C1885753956,667722.11,530800.98,0,0
280,CASH_IN,131895.02,C1024452917,79454.0,211349.02,C1902915887,0.0,0.0,0,0
137,CASH_IN,323650.07,C207018528,1686096.62,2009746.69,C647187605,4627913.35,4304263.28,0,0
212,CASH_OUT,124604.72,C1643804378,15059.0,0.0,C592959881,1161118.27,1285722.99,0,0
134,PAYMENT,6375.69,C1582673546,0.0,0.0,M535358627,0.0,0.0,0,0
406,PAYMENT,9721.52,C895199668,0.0,0.0,M223908983,0.0,0.0,0,0
187,PAYMENT,4054.56,C1302595399,0.0,0.0,M193734655,0.0,0.0,0,0
297,CASH_OUT,64248.05,C211906601,0.0,0.0,C1535626226,644589.19,708837.24,0,0
178,CASH_OUT,333725.27,C71301966,12846.0,0.0,C354381451,11136897.33,11470622.6,0,0
332,PAYMENT,67295.06,C1618871444,138201.95,70906.89,M203249854,0.0,0.0,0,0
275,CASH_IN,329524.9,C52544139,15140017.53,15469542.43,C693125820,1201405.84,871880.93,0,0
394,CASH_IN,109096.52,C1001476292,1756.0,110852.52,C1848655478,12874738.5,12765641.99,0,0
298,PAYMENT,19662.82,C1580891572,0.0,0.0,M1011795698,0.0,0.0,0,0
18,PAYMENT,7368.2,C1406132618,0.0,0.0,M990420940,0.0,0.0,0,0
400,CASH_OUT,28883.97,C517876054,0.0,0.0,C1070336912,4107489.98,4136373.95,0,0
20,CASH_OUT,266629.21,C740249277,0.0,0.0,C364592569,440298.65,681950.71,0,0
19,CASH_OUT,35207.36,C24698896,288796.12,253588.76,C1172535494,354533.28,389740.64,0,0
44,CASH_OUT,113631.72,C2075653215,5111.0,0.0,C170178271,0.0,113631.72,0,0
142,PAYMENT,2767.01,C1733716834,0.0,0.0,M2105248284,0.0,0.0,0,0
15,PAYMENT,8967.36,C113820118,0.0,0.0,M1885582114,0.0,0.0,0,0
637,TRANSFER,246280.14,C1198680659,246280.14,0.0,C2025541637,0.0,0.0,1,0
300,CASH_OUT,27951.0,C30253772,12115.0,0.0,C792614104,318385.72,346336.72,0,0
44,DEBIT,9022.96,C1255867362,129.0,0.0,C269902384,37413.07,46436.03,0,0
407,PAYMENT,7712.74,C403582851,0.0,0.0,M1027965431,0.0,0.0,0,0
209,CASH_OUT,413382.6,C2103197494,0.0,0.0,C1680978086,1167540.5,1580923.09,0,0
401,CASH_IN,21867.66,C701474898,6922.0,28789.66,C389077161,237675.22,215807.56,0,0
349,CASH_IN,99866.58,C2140613032,8574083.19,8673949.78,C280708433,658987.87,559121.28,0,0
452,TRANSFER,63262.94,C1275005774,63262.94,0.0,C1128985646,0.0,0.0,1,0
382,PAYMENT,46714.61,C1309315535,0.0,0.0,M631127504,0.0,0.0,0,0
177,DEBIT,5591.03,C1410593361,30986.49,25395.45,C1941867848,380388.11,385979.15,0,0
346,CASH_OUT,644251.02,C1782951047,0.0,0.0,C499928079,2873136.21,3517387.23,0,0
207,CASH_OUT,195308.27,C1378426976,0.0,0.0,C1458614442,1125985.97,1321294.24,0,0
56,TRANSFER,4243468.19,C244956323,4243468.19,0.0,C1079262309,0.0,0.0,1,0
307,PAYMENT,490.67,C1061880225,56916.69,56426.02,M300980781,0.0,0.0,0,0
211,CASH_IN,42436.59,C109785509,22396.75,64833.35,C1182083424,328175.7,285739.11,0,0
401,TRANSFER,651169.43,C859193436,183934.0,0.0,C727904227,926344.82,1577514.25,0,0
404,PAYMENT,3116.61,C27869805,218521.04,215404.43,M1080594766,0.0,0.0,0,0
37,CASH_OUT,399470.64,C1540831702,0.0,0.0,C1787521094,2807310.57,3206781.22,0,0
160,PAYMENT,7991.16,C2104198204,0.0,0.0,M1423152368,0.0,0.0,0,0
155,CASH_OUT,256386.76,C585310929,0.0,0.0,C1687552721,1620818.57,1877205.33,0,0
625,CASH_OUT,20278.62,C1747133660,20278.62,0.0,C1277670542,12454.77,32733.39,1,0
394,CASH_IN,90447.23,C1486102456,49682.0,140129.23,C621971051,1021679.21,931231.99,0,0
356,CASH_IN,102489.39,C1831960946,5150.0,107639.39,C716891705,36426.41,0.0,0,0
567,CASH_OUT,228786.45,C1304784763,0.0,0.0,C788831262,2403708.6,2632495.05,0,0
722,TRANSFER,59263.88,C2141452552,59263.88,0.0,C1620015007,0.0,0.0,1,0
131,CASH_OUT,2745923.02,C1403642146,2745923.02,0.0,C929286459,3749390.59,6495313.61,1,0
211,TRANSFER,1426262.43,C137847213,312067.86,0.0,C2122705644,1690077.59,3192432.44,0,0
285,CASH_IN,1302.42,C376136360,9369.0,10671.42,C1298297289,0.0,0.0,0,0
275,CASH_OUT,389326.69,C1781905338,32671.0,0.0,C1766011118,212130.37,601457.05,0,0
357,TRANSFER,438425.9,C1559007326,11330.0,0.0,C1438373315,108487.69,546913.59,0,0
553,CASH_OUT,254528.76,C1619730527,254528.76,0.0,C307774634,380985.06,635513.82,1,0
397,CASH_OUT,104479.08,C785287659,508611.0,404131.92,C1980967303,1486012.07,1590491.14,0,0
121,CASH_IN,162782.05,C430748496,934316.35,1097098.41,C430727809,541757.46,378975.4,0,0
325,PAYMENT,9736.82,C810445177,30385.0,20648.18,M1674055813,0.0,0.0,0,0
348,CASH_OUT,157933.19,C1158806810,0.0,0.0,C595253663,2340291.34,2498224.53,0,0
280,CASH_IN,111727.21,C1855618908,2665576.31,2777303.52,C704218393,240596.78,128869.57,0,0
261,CASH_OUT,20450.29,C1207053088,211688.0,191237.71,C43789053,0.0,20450.29,0,0
742,TRANSFER,63416.99,C778071008,63416.99,0.0,C1812552860,0.0,0.0,1,0
12,TRANSFER,768564.87,C1503006930,518963.57,0.0,C698588679,6907696.73,7738557.88,0,0
670,CASH_OUT,1938347.14,C106058139,1938347.14,0.0,C1218665261,294911.92,2233259.06,1,0
21,TRANSFER,862971.23,C415557614,0.0,0.0,C996916993,3133128.37,3996099.6,0,0
304,PAYMENT,11565.91,C1580085530,40871.5,29305.59,M32182998,0.0,0.0,0,0
306,TRANSFER,538459.62,C249502229,0.0,0.0,C1783718647,1508559.61,2047019.23,0,0
191,PAYMENT,2521.56,C884895884,585.0,0.0,M172440995,0.0,0.0,0,0
402,CASH_OUT,120167.02,C323915156,10439.0,0.0,C1927120865,1496596.74,1616763.76,0,0
297,PAYMENT,1436.72,C445036111,49921.0,48484.28,M1468943681,0.0,0.0,0,0
19,CASH_OUT,27680.58,C194222126,0.0,0.0,C2022632011,6942227.6,7236328.78,0,0
255,CASH_IN,111624.76,C1000589262,715238.71,826863.47,C462108330,132239.86,20615.1,0,0
210,CASH_IN,135298.79,C878469020,4774791.68,4910090.47,C588269406,1312645.01,1177346.22,0,0
15,CASH_IN,72053.8,C1992717221,10128436.81,10200490.6,C258425622,968096.74,1587916.74,0,0
141,CASH_OUT,125067.87,C1676539869,117395.0,0.0,C1671911187,0.0,125067.87,0,0
166,CASH_IN,133969.13,C1478068773,5026.0,138995.13,C1472738508,0.0,0.0,0,0
156,CASH_OUT,95995.19,C1015421949,0.0,0.0,C1092639004,182401.82,278397.01,0,0
36,CASH_OUT,62304.69,C1213108577,28653.0,0.0,C2087346779,526569.64,588874.33,0,0
218,TRANSFER,957432.32,C1415925120,957432.32,0.0,C1578069849,0.0,0.0,1,0
373,CASH_OUT,153035.11,C1843084024,4592.0,0.0,C1143860127,44154.42,197189.52,0,0
349,CASH_OUT,1398633.34,C1656635243,1398633.34,0.0,C1235306495,0.0,1398633.34,1,0
411,TRANSFER,1240717.75,C2142112051,1240717.75,0.0,C853827129,0.0,0.0,1,0
170,CASH_OUT,908858.12,C529588126,908858.12,0.0,C383086012,0.0,908858.12,1,0
601,TRANSFER,98099.07,C1586252817,98099.07,0.0,C423322656,0.0,0.0,1,0
592,CASH_IN,57439.2,C1246163857,706667.68,764106.88,C476109651,609532.78,552093.58,0,0
650,CASH_OUT,4480592.14,C631132881,4480592.14,0.0,C354729462,3244885.0,7725477.14,1,0
137,PAYMENT,3984.53,C1876033268,303006.89,299022.36,M1205952325,0.0,0.0,0,0
253,PAYMENT,2965.31,C1854908166,231677.89,228712.58,M1539562158,0.0,0.0,0,0
401,CASH_IN,131684.94,C931101044,5514115.52,5645800.46,C989251641,1267419.31,1135734.36,0,0
209,CASH_OUT,205408.92,C1838348243,504.0,0.0,C1837594443,0.0,205408.92,0,0
12,CASH_IN,75666.56,C2073221987,677866.71,753533.27,C1811531351,1607122.29,1523869.99,0,0
16,PAYMENT,7871.19,C1425629145,137949.77,130078.58,M1133696933,0.0,0.0,0,0
47,PAYMENT,3526.06,C1133007496,89937.0,86410.94,M622026836,0.0,0.0,0,0
18,CASH_OUT,46176.22,C1004279475,623591.67,577415.45,C2066205012,0.0,0.0,0,0
42,CASH_OUT,243894.33,C1653741736,75764.0,0.0,C999606288,272760.85,516655.18,0,0
376,CASH_IN,218002.67,C2009339927,4165546.93,4383549.6,C637264383,421453.84,203451.16,0,0
299,PAYMENT,30110.5,C2080465682,5564.0,0.0,M1239839263,0.0,0.0,0,0
210,CASH_IN,166963.71,C2041428841,152428.0,319391.71,C39090108,205830.79,38867.08,0,0
259,CASH_OUT,265797.11,C1543172976,49319.0,0.0,C2016641206,0.0,265797.11,0,0
203,TRANSFER,288902.25,C1888180918,49736.0,0.0,C614064794,1132325.73,1421227.97,0,0
69,CASH_OUT,175328.85,C215072412,175328.85,0.0,C386798101,110129.95,285458.8,1,0
402,CASH_OUT,9187.8,C210397208,0.0,0.0,C1174562195,5041787.07,5050974.87,0,0
179,PAYMENT,11505.84,C1470950309,144.0,0.0,M1550468013,0.0,0.0,0,0
8,CASH_OUT,216589.54,C212580806,0.0,0.0,C2046611860,493940.13,1462506.28,0,0
254,PAYMENT,18430.46,C478813508,0.0,0.0,M1986718608,0.0,0.0,0,0
8,PAYMENT,13329.21,C1072606888,0.0,0.0,M385407526,0.0,0.0,0,0
226,PAYMENT,40133.83,C1119614077,9059.0,0.0,M2006450387,0.0,0.0,0,0
404,PAYMENT,8828.43,C1257767233,0.0,0.0,M1161286058,0.0,0.0,0,0
12,CASH_OUT,377694.68,C424410466,638412.05,260717.37,C1269239342,1221552.69,1974031.33,0,0
185,CASH_IN,14854.45,C390884836,305547.0,320401.45,C1095018684,147562.4,132707.94,0,0
351,CASH_OUT,172635.81,C1442347365,103827.0,0.0,C2119065348,262387.97,435023.78,0,0
347,TRANSFER,275939.71,C397385666,0.0,0.0,C334579647,2150906.68,2426846.39,0,0
501,CASH_OUT,1318024.48,C1034418491,1318024.48,0.0,C2100824966,544.32,1318568.8,1,0
381,PAYMENT,13754.3,C367417605,2047.0,0.0,M1578092591,0.0,0.0,0,0
281,CASH_OUT,233404.32,C2022992884,304496.0,71091.68,C1333931539,2816137.15,3049541.48,0,0
378,DEBIT,2174.23,C1624131238,5525.0,3350.77,C1596188205,3947601.46,3949775.7,0,0
397,TRANSFER,269687.81,C1462759528,37036.25,0.0,C1293669685,331688.05,601375.86,0,0
260,PAYMENT,3705.46,C849003268,0.0,0.0,M2007354727,0.0,0.0,0,0
396,CASH_OUT,363775.03,C1236374767,0.0,0.0,C644192730,1425971.88,1789746.91,0,0
187,CASH_IN,68580.5,C984645914,8868995.59,8937576.09,C1545386657,1512279.75,1443699.25,0,0
399,CASH_OUT,89798.61,C531224241,0.0,0.0,C1482143068,1959255.47,2018283.7,0,0
182,PAYMENT,10019.42,C321698604,0.0,0.0,M1431863632,0.0,0.0,0,0
207,PAYMENT,19942.97,C1270508120,0.0,0.0,M881601713,0.0,0.0,0,0
356,CASH_OUT,382791.12,C799083893,0.0,0.0,C2131471343,4429092.24,4811883.36,0,0
158,PAYMENT,20034.92,C545837394,0.0,0.0,M638290756,0.0,0.0,0,0
266,CASH_OUT,10000000.0,C122340101,10000000.0,0.0,C1220405366,0.0,10000000.0,1,0
212,CASH_IN,522051.12,C723592689,3830004.32,4352055.44,C559840370,2551931.13,2029880.01,0,0
96,TRANSFER,1483238.92,C2097182343,67415.24,0.0,C26996543,2296929.54,3780168.47,0,0
225,DEBIT,2382.31,C387804087,0.0,0.0,C1542726821,50509.64,52891.95,0,0
204,PAYMENT,22962.4,C68276529,327789.97,304827.57,M524298558,0.0,0.0,0,0
281,PAYMENT,10826.6,C77539567,116320.0,105493.4,M1981392185,0.0,0.0,0,0
249,CASH_IN,257738.14,C1003770864,412177.0,669915.14,C1289112557,1797748.65,1540010.51,0,0
371,PAYMENT,5161.62,C464969148,3704.71,0.0,M1238834529,0.0,0.0,0,0
357,CASH_OUT,43560.16,C753307666,11792.0,0.0,C1501327143,0.0,43560.16,0,0
699,CASH_OUT,257643.59,C735929753,257643.59,0.0,C48659119,0.0,257643.59,1,0
346,CASH_OUT,68938.98,C564368319,0.0,0.0,C319603925,174110.48,243049.46,0,0
521,TRANSFER,98086.09,C1471407934,98086.09,0.0,C1180721612,0.0,0.0,1,0
428,CASH_OUT,183306.21,C1642000949,183306.21,0.0,C2070997054,0.0,183306.21,1,0
238,PAYMENT,5653.68,C1931269104,107284.0,101630.32,M1576802070,0.0,0.0,0,0
399,CASH_OUT,112632.97,C220112466,0.0,0.0,C1548368383,8261595.75,8374228.72,0,0
14,CASH_OUT,150142.35,C1499938655,82474.82,0.0,C850426597,448852.3,598994.66,0,0
350,CASH_OUT,124006.07,C1200098042,0.0,0.0,C1570008796,333799.5,457805.58,0,0
359,PAYMENT,192.44,C1001911119,0.0,0.0,M862318750,0.0,0.0,0,0
183,CASH_OUT,308001.59,C84008553,40412.0,0.0,C451910364,1401568.87,1709570.46,0,0
278,CASH_OUT,75060.54,C1925333558,0.0,0.0,C1348471753,428667.99,503728.53,0,0
409,PAYMENT,16951.56,C1938939704,0.0,0.0,M1486478577,0.0,0.0,0,0
490,PAYMENT,31403.09,C810931402,0.0,0.0,M871068662,0.0,0.0,0,0
381,PAYMENT,12146.15,C1553565926,6052.0,0.0,M1947561424,0.0,0.0,0,0
620,TRANSFER,18405.16,C1666828573,18405.16,0.0,C886178722,0.0,0.0,1,0
211,TRANSFER,677330.7,C931894684,0.0,0.0,C41698878,1323222.16,2000552.86,0,0
401,CASH_OUT,346906.73,C983396168,30116.0,0.0,C630216733,0.0,346906.73,0,0
136,PAYMENT,14879.77,C1262536174,230668.38,215788.6,M217775313,0.0,0.0,0,0
326,PAYMENT,12259.78,C1142961299,0.0,0.0,M1365388479,0.0,0.0,0,0
310,CASH_OUT,271235.98,C1186161193,6095.0,0.0,C954580803,628467.76,899703.74,0,0
307,CASH_OUT,262973.47,C400270639,0.0,0.0,C1194000531,1981900.69,2244874.16,0,0
13,CASH_IN,59256.51,C212985787,51342.0,110598.51,C2139106882,3958848.01,3899591.5,0,0
161,TRANSFER,160351.22,C1074244611,160351.22,0.0,C770300650,0.0,0.0,1,0
37,TRANSFER,109761.15,C414131810,0.0,0.0,C848982811,1105775.71,1215536.86,0,0
572,TRANSFER,340665.18,C2031273483,340665.18,0.0,C747315948,0.0,0.0,1,0
9,PAYMENT,17999.73,C109463094,0.0,0.0,M1141009830,0.0,0.0,0,0
381,CASH_IN,86009.74,C1690453520,22050.0,108059.74,C1006699871,546156.16,460146.42,0,0
351,CASH_IN,98862.78,C1413248428,176396.0,275258.78,C1540644228,0.0,0.0,0,0
522,CASH_IN,1171.41,C782766046,0.0,1171.41,C1507273280,253315.42,252144.01,0,0
186,PAYMENT,2542.2,C693076684,0.0,0.0,M463984376,0.0,0.0,0,0
447,TRANSFER,3339489.46,C1632929877,3339489.46,0.0,C2080860593,0.0,0.0,1,0
133,CASH_IN,72123.99,C484546406,10823198.49,10895322.48,C1183848255,452368.71,380244.72,0,0
282,PAYMENT,3567.08,C753968074,0.0,0.0,M544584877,0.0,0.0,0,0
305,TRANSFER,2321633.57,C1235032852,2321633.57,0.0,C1296897597,0.0,0.0,1,0
41,PAYMENT,9845.19,C1845707889,20216.0,10370.81,M569122881,0.0,0.0,0,0
132,CASH_IN,254333.42,C853561559,1108537.5,1362870.92,C581142198,495341.93,241008.51,0,0
400,CASH_OUT,237118.6,C1786552799,0.0,0.0,C193595307,969262.58,1206381.18,0,0
207,CASH_OUT,286492.76,C878594625,0.0,0.0,C1173701271,782485.45,1068978.21,0,0
8,PAYMENT,5089.4,C1948268006,659229.0,654139.6,M843054904,0.0,0.0,0,0
258,CASH_OUT,319512.4,C246531094,16975.0,0.0,C2119895337,0.0,319512.4,0,0
136,PAYMENT,7101.65,C871124377,53644.0,46542.35,M402250881,0.0,0.0,0,0
448,TRANSFER,369505.41,C551192635,369505.41,0.0,C1704120261,0.0,0.0,1,0
15,PAYMENT,12191.09,C1385894647,379091.62,366900.52,M481581988,0.0,0.0,0,0
469,PAYMENT,5963.49,C678405402,0.0,0.0,M1208888857,0.0,0.0,0,0
46,PAYMENT,11961.34,C57974174,321.0,0.0,M1780793500,0.0,0.0,0,0
177,PAYMENT,6850.56,C2026377058,23576.0,16725.44,M986824527,0.0,0.0,0,0
301,CASH_OUT,20233.26,C461810652,0.0,0.0,C405275165,64328.08,84561.33,0,0
376,PAYMENT,10359.56,C761924798,51095.0,40735.44,M286786548,0.0,0.0,0,0
379,CASH_OUT,251498.91,C381207766,145019.58,0.0,C1347793935,270221.54,521720.46,0,0
574,CASH_OUT,84152.98,C1733917328,0.0,0.0,C720075339,5544393.33,5628546.31,0,0
211,CASH_OUT,250623.59,C1918508013,59.0,0.0,C1011281581,0.0,250623.59,0,0
354,CASH_OUT,98113.1,C780951439,11054.0,0.0,C912674646,47388.92,145502.03,0,0
43,CASH_OUT,100266.83,C1047440961,0.0,0.0,C1203429509,368564.0,468830.83,0,0
43,CASH_OUT,366380.53,C888868993,0.0,0.0,C1523624409,1304972.0,1671352.53,0,0
228,PAYMENT,8143.02,C228286795,250299.27,242156.26,M927351659,0.0,0.0,0,0
187,TRANSFER,1561077.73,C456312861,8041.0,0.0,C1306417518,0.0,1561077.73,0,0
187,PAYMENT,12425.91,C1976958,0.0,0.0,M306347846,0.0,0.0,0,0
360,CASH_OUT,261742.96,C1019233817,261742.96,0.0,C97431469,202735.19,464478.14,1,0
17,CASH_OUT,16910.18,C1148992266,0.0,0.0,C821909309,248916.03,265826.22,0,0
264,TRANSFER,7304.56,C1550599239,7304.56,0.0,C993958869,0.0,0.0,1,0
210,CASH_OUT,16281.8,C1030625911,33830.0,17548.2,C838072233,193263.95,209545.74,0,0
481,CASH_OUT,832811.84,C1897651048,832811.84,0.0,C372865996,0.0,832811.84,1,0
158,CASH_OUT,2234.77,C1757747801,23661.77,21427.0,C1642953562,941920.3,944155.07,0,0
673,TRANSFER,888905.27,C130753302,888905.27,0.0,C1877166581,0.0,0.0,1,0
157,CASH_OUT,429906.59,C1101506124,0.0,0.0,C191417729,1676166.59,2106073.18,0,0
212,CASH_OUT,36365.33,C959900947,0.0,0.0,C892503761,4443783.35,4480148.68,0,0
174,TRANSFER,250223.24,C788474412,250223.24,0.0,C1128836138,0.0,0.0,1,0
184,CASH_IN,333413.92,C617107227,16822.0,350235.92,C1243099096,0.0,0.0,0,0
156,CASH_OUT,181513.43,C943832225,0.0,0.0,C1566345583,2527014.48,2708527.91,0,0
9,PAYMENT,7963.31,C1821864977,433549.08,425585.78,M1420809605,0.0,0.0,0,0
274,CASH_OUT,181749.88,C1069534101,106975.0,0.0,C713376371,0.0,181749.88,0,0
182,CASH_IN,138755.24,C1188864500,20763428.35,20902183.59,C1158901865,679309.55,540554.32,0,0
547,CASH_OUT,173840.01,C1684674063,0.0,0.0,C664580487,711486.2,885326.21,0,0
133,CASH_OUT,156457.79,C286576400,0.0,0.0,C327272976,228783.89,385241.68,0,0
401,CASH_OUT,19511.35,C956252470,19511.35,0.0,C1072897246,18785.78,38297.13,1,0
178,PAYMENT,21758.19,C338702136,0.0,0.0,M1151102126,0.0,0.0,0,0
478,CASH_OUT,51183.25,C1702286599,51183.25,0.0,C2107067819,0.0,51183.25,1,0
190,CASH_OUT,13421.82,C1651147692,0.0,0.0,C644382732,150164.21,163586.03,0,0
155,CASH_IN,2098.5,C291856750,12131.0,14229.5,C1211980776,0.0,0.0,0,0
408,CASH_OUT,313936.67,C175684535,313936.67,0.0,C244995848,1145802.52,1459739.19,1,0
160,CASH_OUT,356144.98,C2126512256,0.0,0.0,C35120395,760026.0,1116170.98,0,0
212,CASH_OUT,15602.27,C1519361825,0.0,0.0,C1336940766,963850.11,979452.39,0,0
369,PAYMENT,11365.51,C600478166,0.0,0.0,M257804976,0.0,0.0,0,0
641,CASH_OUT,2938833.22,C821430696,2938833.22,0.0,C187106136,0.0,2938833.22,1,0
241,TRANSFER,325470.07,C980546604,325470.07,0.0,C1230677699,0.0,0.0,1,0
10,TRANSFER,2135365.38,C1712919834,0.0,0.0,C621810262,0.0,4222569.16,0,0
354,PAYMENT,10183.37,C953861156,0.0,0.0,M171105267,0.0,0.0,0,0
145,CASH_OUT,3572736.74,C1733969838,3572736.74,0.0,C1915229733,1362451.86,4935188.59,1,0
137,CASH_OUT,85265.01,C1108221060,124887.0,39621.99,C1676364768,948288.65,1033553.66,0,0
380,PAYMENT,10299.21,C1178216809,174047.81,163748.6,M1529118124,0.0,0.0,0,0
321,PAYMENT,27271.88,C972138067,1061952.14,1034680.26,M1803238358,0.0,0.0,0,0
379,PAYMENT,2934.09,C1614810151,2119.79,0.0,M350659146,0.0,0.0,0,0
401,PAYMENT,2385.77,C1280111060,56793.0,54407.23,M75597614,0.0,0.0,0,0
70,CASH_OUT,266766.78,C862440440,266766.78,0.0,C167070759,0.0,266766.78,1,0
185,TRANSFER,448265.08,C473435189,448265.08,0.0,C1934689735,0.0,0.0,1,0
739,CASH_OUT,156691.56,C1179416232,156691.56,0.0,C738050575,842252.15,998943.71,1,0
130,CASH_OUT,171162.75,C1654194885,0.0,0.0,C2144240673,10931108.69,11102271.44,0,0
37,PAYMENT,7087.25,C1979981851,0.0,0.0,M231624822,0.0,0.0,0,0
230,CASH_OUT,120163.83,C1605691666,0.0,0.0,C1238426337,176976.64,297140.47,0,0
9,PAYMENT,5501.88,C1793842227,0.0,0.0,M1924434553,0.0,0.0,0,0
332,PAYMENT,7864.62,C388020598,279055.23,271190.61,M445467533,0.0,0.0,0,0
286,PAYMENT,13661.4,C1196569854,16677.0,3015.6,M1335566462,0.0,0.0,0,0
706,CASH_OUT,934590.45,C383644087,934590.45,0.0,C628228012,981576.29,1916166.73,1,0
252,CASH_OUT,292858.05,C826053415,0.0,0.0,C1639531278,1889049.45,2181907.51,0,0
182,PAYMENT,9947.94,C2041920562,0.0,0.0,M1339862582,0.0,0.0,0,0
426,CASH_OUT,184224.7,C1752564181,255.0,0.0,C907935597,1110687.91,1294912.61,0,0
9,CASH_OUT,15785.24,C591341191,617.0,0.0,C1167716832,59976.95,75762.18,0,0
302,TRANSFER,495421.4,C205073040,0.0,0.0,C1743816235,3339407.48,3834828.88,0,0
278,CASH_OUT,66489.49,C989362817,64557.0,0.0,C1090153064,35473.77,101963.27,0,0
347,PAYMENT,10246.15,C1109261974,679.0,0.0,M1386024949,0.0,0.0,0,0
235,CASH_OUT,74756.09,C92534016,427.0,0.0,C1648550758,628853.7,703609.79,0,0
158,CASH_OUT,87410.64,C120782663,21078.0,0.0,C819338206,358158.02,445568.66,0,0
359,TRANSFER,122639.34,C1075724931,122639.34,0.0,C464861885,0.0,0.0,1,0
178,CASH_OUT,115009.61,C153165837,6050.0,0.0,C1841687047,275324.68,390334.29,0,0
228,CASH_OUT,122146.83,C1536757583,0.0,0.0,C1586188452,630445.9,752592.73,0,0
259,PAYMENT,13137.86,C1797882219,307227.07,294089.21,M1126251238,0.0,0.0,0,0
401,PAYMENT,17996.05,C1378941905,30129.0,12132.95,M119282609,0.0,0.0,0,0
257,PAYMENT,4589.29,C1482103139,20076.0,15486.71,M1492684539,0.0,0.0,0,0
260,TRANSFER,277283.09,C1282258294,29559.0,0.0,C681206774,300237.8,577520.89,0,0
139,CASH_IN,23724.46,C884411237,206422.0,230146.46,C1441710765,101416.0,0.0,0,0
164,PAYMENT,13712.81,C530664568,0.0,0.0,M19190898,0.0,0.0,0,0
356,CASH_IN,65533.8,C1082632804,11213.0,76746.8,C2137789910,0.0,0.0,0,0
19,CASH_IN,189849.36,C875551769,32122.0,221971.36,C1388269126,12392.0,325905.81,0,0
16,CASH_OUT,52255.14,C250524043,0.0,0.0,C725400620,3758137.85,3810393.0,0,0
352,DEBIT,10301.68,C291366449,51423.0,41121.32,C390628576,1107414.36,1117716.04,0,0
352,CASH_IN,144294.21,C2107839796,31214.0,175508.21,C240837229,481558.59,337264.38,0,0
213,CASH_OUT,29473.33,C1811905669,0.0,0.0,C1019635746,1406983.77,1436457.1,0,0
15,TRANSFER,518330.66,C1945255449,0.0,0.0,C2068216232,6076294.24,6594624.9,0,0
203,PAYMENT,4075.2,C1168596682,0.0,0.0,M1855183287,0.0,0.0,0,0
353,TRANSFER,635889.19,C1422454975,10253.0,0.0,C302331807,1936543.6,2572432.79,0,0
156,CASH_OUT,62317.39,C271166126,357911.5,295594.11,C1693553985,175904.99,182628.71,0,0
212,CASH_OUT,210696.49,C393403902,0.0,0.0,C470209296,302835.59,513532.08,0,0
117,TRANSFER,16671.29,C1319377475,16671.29,0.0,C1414915255,0.0,0.0,1,0
42,CASH_OUT,42893.43,C1532464666,0.0,0.0,C175897620,1719086.84,1761980.27,0,0
354,TRANSFER,9299230.13,C350993487,9299230.13,0.0,C1614280501,0.0,0.0,1,0
309,CASH_OUT,142649.02,C1792264903,0.0,0.0,C372251985,2913970.5,3056619.51,0,0
35,CASH_OUT,166757.46,C2134037407,102952.0,0.0,C626855856,169051.9,335809.35,0,0
331,PAYMENT,9891.57,C516063774,0.0,0.0,M1866477977,0.0,0.0,0,0
360,PAYMENT,40618.23,C442196171,23544.5,0.0,M110933847,0.0,0.0,0,0
304,CASH_IN,248639.37,C1130613290,76985.0,325624.37,C847276589,0.0,0.0,0,0
181,TRANSFER,297071.27,C732850471,44196.0,0.0,C1900585360,43210.1,340281.37,0,0
249,PAYMENT,9053.71,C278759607,2345.0,0.0,M1476793837,0.0,0.0,0,0
497,TRANSFER,3695429.98,C1497936234,3695429.98,0.0,C305200409,0.0,0.0,1,0
322,PAYMENT,7324.78,C1751094501,587720.36,580395.58,M275716426,0.0,0.0,0,0
38,CASH_OUT,160587.31,C1684584032,31289.0,0.0,C500752894,850071.19,1010658.5,0,0
479,CASH_OUT,6669495.34,C155884105,6669495.34,0.0,C52395788,251579.17,6921074.51,1,0
187,CASH_IN,40131.91,C985246480,5211.0,45342.91,C2058340319,0.0,0.0,0,0
330,CASH_OUT,76555.45,C1548534145,53095.0,0.0,C98280235,0.0,76555.45,0,0
333,CASH_IN,154563.11,C1846779522,39137.0,193700.11,C1697814621,0.0,0.0,0,0
180,CASH_OUT,459816.9,C423894937,17008.12,0.0,C626857486,1523864.66,1983681.57,0,0
149,TRANSFER,661558.27,C644461702,661558.27,0.0,C1700734681,0.0,0.0,1,0
356,CASH_IN,11029.97,C870447315,5398618.3,5409648.27,C504289353,1541808.14,1530778.17,0,0
12,CASH_IN,230178.05,C561273893,17867236.84,18097414.89,C1338328694,304043.0,197404.24,0,0
626,CASH_OUT,44577.32,C259533000,44577.32,0.0,C2027781406,61298.8,105876.12,1,0
440,TRANSFER,1912961.16,C1168684643,1912961.16,0.0,C1353360075,0.0,0.0,1,0
38,PAYMENT,8071.65,C1530402614,0.0,0.0,M439092160,0.0,0.0,0,0
155,PAYMENT,24677.83,C370721422,124486.0,99808.17,M219070176,0.0,0.0,0,0
179,PAYMENT,17049.12,C777615093,692.0,0.0,M1747707007,0.0,0.0,0,0
16,CASH_OUT,336418.67,C560722214,0.0,0.0,C1936965683,4155438.97,4690595.51,0,0
395,PAYMENT,4452.32,C1507287313,20811.0,16358.68,M2004951825,0.0,0.0,0,0
39,PAYMENT,209.87,C544687031,509.0,299.13,M539917317,0.0,0.0,0,0
161,CASH_OUT,303790.74,C1481818941,57898.0,0.0,C2096869389,283826.16,569597.76,0,0
282,CASH_OUT,232187.38,C532504816,0.0,0.0,C1931844182,1339429.75,1571617.13,0,0
155,CASH_IN,98656.38,C924699370,37507.0,136163.38,C1737457088,0.0,0.0,0,0
355,PAYMENT,8429.81,C2028752018,32409.0,23979.19,M205857391,0.0,0.0,0,0
215,PAYMENT,4389.88,C1428601828,16137.0,11747.12,M1513391765,0.0,0.0,0,0
42,PAYMENT,2069.41,C1420097157,0.0,0.0,M1215218913,0.0,0.0,0,0
355,PAYMENT,9438.18,C1730638265,18118.0,8679.82,M2032665741,0.0,0.0,0,0
201,CASH_IN,34552.19,C1945050111,1470.0,36022.19,C1050449503,91815.12,57262.93,0,0
187,CASH_IN,288954.56,C129762442,21385.0,310339.56,C375056093,791152.14,502197.58,0,0
321,CASH_IN,10335.8,C2143017691,1626255.88,1636591.68,C962416859,282343.26,272007.46,0,0
300,TRANSFER,497517.96,C631371112,3098.0,0.0,C280571438,4412953.77,4910471.73,0,0
257,CASH_OUT,277589.81,C852418077,21511.0,0.0,C1602481263,0.0,277589.81,0,0
332,PAYMENT,31052.55,C281788448,0.0,0.0,M539087171,0.0,0.0,0,0
92,TRANSFER,19742.71,C199871794,19742.71,0.0,C1396988344,0.0,0.0,1,0
378,TRANSFER,283457.02,C837634379,0.0,0.0,C1305210336,1071823.67,1355280.69,0,0
326,PAYMENT,24077.12,C108320759,4923.41,0.0,M1121678670,0.0,0.0,0,0
214,CASH_OUT,3292.03,C836835461,0.0,0.0,C1446931420,453262.03,456554.06,0,0
638,CASH_OUT,5101855.95,C2134692608,5101855.95,0.0,C775400277,145922.42,5247778.37,1,0
395,CASH_OUT,131060.24,C1211438190,0.0,0.0,C276341359,6414704.39,6545764.64,0,0
9,CASH_OUT,348707.71,C1522560608,0.0,0.0,C943901945,1143233.73,1854738.75,0,0
177,CASH_OUT,125482.35,C77139963,0.0,0.0,C1782072084,172198.86,297681.2,0,0
303,PAYMENT,25815.99,C1927863088,57866.29,32050.3,M903597161,0.0,0.0,0,0
23,PAYMENT,4666.88,C901599533,15175.0,10508.12,M1389928821,0.0,0.0,0,0
327,CASH_OUT,189118.87,C802797327,204027.0,14908.13,C1125273393,0.0,189118.87,0,0
308,CASH_OUT,69547.08,C1649669941,0.0,0.0,C945363907,1299713.55,1369260.63,0,0
11,CASH_OUT,53131.41,C372376271,0.0,0.0,C823786847,956217.24,1009348.65,0,0
158,TRANSFER,504827.44,C33537909,0.0,0.0,C991128619,6041541.29,6546368.73,0,0
396,CASH_IN,198512.01,C136894430,4046611.09,4245123.1,C1193508879,995573.14,797061.13,0,0
275,CASH_OUT,429346.46,C1838731027,3349.0,0.0,C400876382,0.0,429346.46,0,0
217,TRANSFER,3452538.75,C937580010,3452538.75,0.0,C1096456296,0.0,0.0,1,0
589,CASH_IN,128210.5,C1681311630,165.0,128375.5,C765042490,1378607.34,1250396.84,0,0
255,CASH_OUT,166712.62,C534121149,171.0,0.0,C1276023695,470609.81,637322.43,0,0
13,PAYMENT,26553.36,C2106230283,21516.0,0.0,M859119569,0.0,0.0,0,0
257,CASH_OUT,142162.48,C863926590,0.0,0.0,C1775301021,200538.39,342700.87,0,0
329,PAYMENT,19052.55,C1223639114,0.0,0.0,M161492332,0.0,0.0,0,0
405,CASH_OUT,251334.5,C562380200,0.0,0.0,C659436458,646489.53,897824.03,0,0
400,PAYMENT,29727.63,C46716009,0.0,0.0,M635466229,0.0,0.0,0,0
376,CASH_IN,169687.89,C8682663,403895.0,573582.89,C1694312677,7669164.93,7499477.04,0,0
327,PAYMENT,4289.65,C2144176183,0.0,0.0,M808016139,0.0,0.0,0,0
350,CASH_OUT,309450.85,C385855305,99966.0,0.0,C1487543570,0.0,309450.85,0,0
208,PAYMENT,1455.38,C1296247747,122139.0,120683.62,M1649461679,0.0,0.0,0,0
262,CASH_OUT,98954.4,C1199769277,60904.0,0.0,C224326095,14166.14,113120.54,0,0
255,PAYMENT,7637.78,C251714717,44342.0,36704.22,M1586471174,0.0,0.0,0,0
210,TRANSFER,90815.44,C1143847124,0.0,0.0,C814544238,182704.03,273519.47,0,0
46,CASH_IN,63754.29,C2025453304,5393018.8,5456773.09,C1093442785,173728.35,109974.07,0,0
163,PAYMENT,3664.13,C1957430491,11857.0,8192.87,M1355034516,0.0,0.0,0,0
349,CASH_IN,66344.87,C2015717768,2393720.98,2460065.84,C1489409219,550242.41,483897.55,0,0
403,CASH_IN,32098.85,C1959836950,113.0,32211.85,C152012562,0.0,0.0,0,0
35,CASH_OUT,72405.7,C1897553721,0.0,0.0,C420141729,2059965.5,2189864.53,0,0
347,PAYMENT,50543.47,C63520977,271590.0,221046.53,M1411678084,0.0,0.0,0,0
22,TRANSFER,590137.84,C1507957512,23508.0,0.0,C1839388616,5987.87,743584.95,0,0
186,TRANSFER,234007.79,C825258536,6957.15,0.0,C316485647,956227.06,1190234.85,0,0
162,PAYMENT,544.11,C1904277506,103998.0,103453.89,M32280467,0.0,0.0,0,0
215,TRANSFER,45053.05,C1832009183,45053.05,0.0,C1888133010,0.0,0.0,1,0
250,CASH_IN,29092.24,C925081191,14711906.9,14740999.14,C723280180,974838.38,945746.14,0,0
376,PAYMENT,824.66,C341543745,336098.22,335273.56,M97712758,0.0,0.0,0,0
398,CASH_OUT,20760.11,C1862546865,8221.0,0.0,C1235171634,61322.53,82082.65,0,0
383,CASH_OUT,338527.85,C395612543,10731.95,0.0,C428105892,1539875.37,1878403.22,0,0
398,PAYMENT,3541.31,C472706375,0.0,0.0,M558190346,0.0,0.0,0,0
157,CASH_OUT,44007.91,C290736131,20442.0,0.0,C1053089221,482.0,40559.86,0,0
408,CASH_IN,164270.64,C856819219,3049005.22,3213275.86,C1607528916,252299.07,88028.44,0,0
249,PAYMENT,6978.27,C55599186,0.0,0.0,M809612701,0.0,0.0,0,0
11,PAYMENT,9286.85,C1786527287,0.0,0.0,M1507253956,0.0,0.0,0,0
380,CASH_IN,194152.19,C872626392,22067796.67,22261948.86,C1686766678,6936988.39,6742836.2,0,0
136,CASH_OUT,303777.48,C1856833394,0.0,0.0,C1474205154,3120432.15,3424209.63,0,0
250,TRANSFER,10000000.0,C2099141021,21343002.08,11343002.08,C1733297456,0.0,0.0,1,0
